"COMMODITY_DISPLAY_NAME","COMMODITY_TAXONOMIC_DISPLAY_NAME","INSPECTION_PATHWAY","total_pests"
"Apium graveolens var. dulce  - CELERY","Apium graveolens var. dulce ","Land Border - Truck - Cargo - CBP",1006
"Ocimum basilicum (Lamiaceae) - Ocimum basilicum ","Ocimum basilicum (Lamiaceae)","Airport - Aircraft - Cargo - CBP",328
"Brassica rapa subsp. pekinensis (Brassicaceae) - CHINESE CABBAGE","Brassica rapa subsp. pekinensis (Brassicaceae)","Land Border - Truck - Cargo - CBP",275
"Zea mays - CORN","Zea mays","Land Border - Truck - Cargo - CBP",245
NA,NA,"Airport - Aircraft - Cargo - CBP",237
"Mentha sp. - MINT","Mentha sp.","Airport - Aircraft - Cargo - CBP",224
"Thymus vulgaris - THYME","Thymus vulgaris","Airport - Aircraft - Cargo - CBP",171
"Dianthus sp. - Dianthus","Dianthus sp.","Land Border - Truck - Cargo - CBP",156
"Brassica rapa subsp. chinensis (Brassicaceae) - Brassica rapa chinensis","Brassica rapa subsp. chinensis (Brassicaceae)","Land Border - Truck - Cargo - CBP",142
"Other","Chrysanthemum sp. ","Airport - Aircraft - Cargo - CBP",134
"Other","Lactuca sativa var. longifolia ","Land Border - Truck - Cargo - CBP",133
NA,NA,"Maritime Port - Vessel - Cargo - CBP",128
"Other","Brassica oleracea var. viridis ","Land Border - Truck - Cargo - CBP",117
"Other","Antirrhinum sp.","Land Border - Truck - Cargo - CBP",114
NA,NA,"Land Border - Truck - Cargo - CBP",109
"Capsicum sp. - Chili Pepper","Capsicum sp.","Land Border - Truck - Cargo - CBP",100
"Tagetes sp.  - Tagetes","Tagetes sp. ","Airport - Aircraft - Cargo - CBP",99
"Other","Pisum sativum var. macrocarpon ","Land Border - Truck - Cargo - CBP",86
"Other","Lactuca sativa (Asteraceae)","Land Border - Truck - Cargo - CBP",83
"Other","Limonium sp.","Land Border - Truck - Cargo - CBP",80
"Other","Allium schoenoprasum","Airport - Aircraft - Cargo - CBP",75
"Ocimum basilicum (Lamiaceae) - Ocimum basilicum ","Ocimum basilicum (Lamiaceae)","Land Border - Truck - Cargo - CBP",73
"Other","Coriandrum sativum (Apiaceae)","Land Border - Truck - Cargo - CBP",70
"Other","Gladiolus sp.","Land Border - Truck - Cargo - CBP",64
"Other","Abelmoschus esculentus","Airport - Aircraft - Cargo - CBP",62
"Other","Rosa sp.","Land Border - Truck - Cargo - CBP",61
"Other","Spinacia oleracea","Land Border - Truck - Cargo - CBP",61
"Other","Anemone sp.","Airport - Aircraft - Cargo - CBP",60
"Other","Brassica oleracea var. italica ","Land Border - Truck - Cargo - CBP",60
"Other","Oncidium sp. ","Airport - Aircraft - Cargo - CBP",55
"Mentha sp. - MINT","Mentha sp.","Land Border - Truck - Cargo - CBP",52
"Other","Capsicum sp.","Maritime Port - Vessel - Cargo - CBP",51
"Other","Lactuca sativa var. capitata ","Land Border - Truck - Cargo - CBP",46
"Other","Artemisia dracunculus (Asteraceae)","Airport - Aircraft - Cargo - CBP",45
"Other","Brassica oleracea var. capitata ","Land Border - Truck - Cargo - CBP",44
"Other","Lippia graveolens","Airport - Aircraft - Cargo - CBP",44
"Other","Cynara scolymus (Asteraceae)","Land Border - Truck - Cargo - CBP",43
"Other","Allium schoenoprasum","Land Border - Truck - Cargo - CBP",41
"Tagetes sp.  - Tagetes","Tagetes sp. ","Land Border - Truck - Cargo - CBP",41
"Other","Anethum graveolens (Apiaceae)","Land Border - Truck - Cargo - CBP",40
"Other","Helianthus sp. ","Land Border - Truck - Cargo - CBP",39
"Zea mays - CORN","Zea mays","Land Border - Truck - Conveyance - CBP",39
"Other","Brassica rapa var. parachinensis ","Land Border - Truck - Cargo - CBP",37
"Other","Ranunculus sp.","Airport - Aircraft - Cargo - CBP",37
"Other","Anethum graveolens (Apiaceae)","Airport - Aircraft - Cargo - CBP",35
"Other","Eustoma sp.","Airport - Aircraft - Cargo - CBP",35
"Other","Origanum vulgare","Airport - Aircraft - Cargo - CBP",35
"Other","Capsicum annuum","Land Border - Truck - Cargo - CBP",34
"Other","Eustoma sp.","Land Border - Truck - Cargo - CBP",33
"Other","Gerbera sp. ","Land Border - Truck - Cargo - CBP",33
"Other","Alstroemeria sp.","Airport - Aircraft - Cargo - CBP",32
"Other","Rosa sp.","Airport - Aircraft - Cargo - CBP",32
"Capsicum sp. - Chili Pepper","Capsicum sp.","Maritime Port - Vessel - Cargo - CBP",31
"Dianthus sp. - Dianthus","Dianthus sp.","Airport - Aircraft - Cargo - CBP",31
"Other","Salvia officinalis","Airport - Aircraft - Cargo - CBP",31
"Other","Solidago sp. ","Airport - Aircraft - Cargo - CBP",30
"Other","Amaranthus sp. ","Airport - Aircraft - Cargo - CBP",27
"Other","Brassica juncea (Brassicaceae)","Land Border - Truck - Cargo - CBP",27
"Other","Brassica oleracea var. botrytis ","Land Border - Truck - Cargo - CBP",27
"Other","Origanum majorana","Airport - Aircraft - Cargo - CBP",27
"Other","Allium ampeloprasum","Land Border - Truck - Cargo - CBP",26
"Other","Moluccella sp.","Land Border - Truck - Cargo - CBP",26
"Other","Solidago sp. ","Land Border - Truck - Cargo - CBP",24
"Other","Capsicum annuum","Maritime Port - Vessel - Cargo - CBP",23
"Other","Aster sp. ","Land Border - Truck - Cargo - CBP",22
"Other","Eryngium foetidum (Apiaceae)","Airport - Aircraft - Cargo - CBP",22
"Other","Fragaria ananassa","Land Border - Truck - Cargo - CBP",22
"Other","Lilium sp.","Land Border - Truck - Cargo - CBP",22
"Capsicum sp. - Chili Pepper","Capsicum sp.","Airport - Aircraft - Cargo - CBP",20
"Other","Ananas comosus (Bromeliaceae)","Maritime Port - Vessel - Cargo - CBP",20
"Other","Cucurbita sp.","Maritime Port - Vessel - Cargo - CBP",20
"Other","Dendrobium sp.","Airport - Aircraft - Cargo - CBP",20
"Other","Lactuca sativa (Asteraceae)","Airport - Aircraft - Cargo - CBP",20
"Other","Raphanus sativus","Land Border - Truck - Cargo - CBP",20
"Other","Beta vulgaris subsp. vulgaris","Land Border - Truck - Cargo - CBP",19
"Thymus vulgaris - THYME","Thymus vulgaris","Land Border - Truck - Cargo - CBP",19
"Ocimum basilicum (Lamiaceae) - Ocimum basilicum ","Ocimum basilicum (Lamiaceae)","Airport - Aircraft - Cargo - Predeparture",18
"Other","Capsicum sp.","Airport - Aircraft - Cargo - CBP",18
"Other","Portulaca oleracea","Land Border - Truck - Cargo - CBP",18
"Other","Amaranthus sp. ","Land Border - Truck - Cargo - CBP",17
"Other","Antirrhinum sp.","Land Border - Truck - Conveyance - CBP",17
"Other","Brassica oleracea var. gemmifera ","Land Border - Truck - Cargo - CBP",17
"Dianthus sp. - Dianthus","Dianthus sp.","Land Border - Truck - Conveyance - CBP",16
"Other","Asparagus officinalis","Land Border - Truck - Cargo - CBP",16
"Other","Capsicum chinense","Airport - Aircraft - Cargo - CBP",16
"Other","Capsicum sp.","Land Border - Truck - Cargo - CBP",16
"Other","Lagenaria siceraria (Cucurbitaceae)","Maritime Port - Vessel - Cargo - CBP",16
"Other","Petroselinum crispum (Apiaceae)","Land Border - Truck - Cargo - CBP",15
"Other","Physalis philadelphica","Land Border - Truck - Cargo - CBP",15
"Other","Zingiber officinale","Maritime Port - Vessel - Cargo - CBP",14
"Other","Celosia sp.","Land Border - Truck - Cargo - CBP",13
"Other","Chenopodium berlandieri subsp. nuttalliae (Amaranthaceae)","Land Border - Truck - Cargo - CBP",13
"Other","Matthiola sp.","Land Border - Truck - Cargo - CBP",13
"Other","Musa sp.","Maritime Port - Vessel - Cargo - CBP",13
"Other","Rosmarinus officinalis","Airport - Aircraft - Cargo - CBP",13
"Other","Rumex sp.","Airport - Aircraft - Cargo - CBP",13
"Other","Artocarpus altilis","Maritime Port - Vessel - Cargo - CBP",12
"Other","Ocimum sp.","Airport - Aircraft - Cargo - CBP",12
"Other","Capsicum chinense","Maritime Port - Vessel - Cargo - CBP",11
"Other","Cocos nucifera (Arecaceae)","Maritime Port - Vessel - Cargo - CBP",11
"Other","Solanum melongena","Maritime Port - Vessel - Cargo - CBP",11
"Other","Solidago sp. ","Land Border - Truck - Conveyance - CBP",11
"Other","Alstroemeria sp.","Land Border - Truck - Cargo - CBP",10
"Other","Gladiolus sp.","Land Border - Truck - Conveyance - CBP",10
"Other","Helianthus sp. ","Airport - Aircraft - Cargo - CBP",10
"Other","Jasminum sp.","Airport - Aircraft - Cargo - CBP",10
"Other","Allium fistulosum","Land Border - Truck - Cargo - CBP",9
"Other","Antirrhinum sp.","Airport - Aircraft - Cargo - CBP",9
"Other","Gypsophila sp.","Land Border - Truck - Cargo - CBP",9
"Other","Artemisia dracunculus (Asteraceae)","Land Border - Truck - Cargo - CBP",8
"Other","Cucurbita sp.","Land Border - Truck - Cargo - CBP",8
"Other","Gerbera sp. ","Airport - Aircraft - Cargo - CBP",8
"Other","Hippeastrum sp.","Maritime Port - Vessel - Cargo - PIS",8
"Other","Rubus sp.","Land Border - Truck - Cargo - CBP",8
NA,NA,"Maritime Port - Vessel - Conveyance - CBP",8
"Other","Brassica oleracea var. alboglabra ","Land Border - Truck - Cargo - CBP",7
"Other","Cichorium intybus var. foliosum ","Land Border - Truck - Cargo - CBP",7
"Other","Eruca vesicaria subsp. sativa","Land Border - Truck - Cargo - CBP",7
"Other","Glebionis coronaria (Asteraceae)","Land Border - Truck - Cargo - CBP",7
"Other","Luffa sp. ","Maritime Port - Vessel - Cargo - CBP",7
"Other","Momordica charantia (Cucurbitaceae)","Maritime Port - Vessel - Cargo - CBP",7
"Other","Persea americana","Maritime Port - Vessel - Cargo - CBP",7
"Other","Solidaster sp.","Land Border - Truck - Cargo - CBP",7
"Tagetes sp.  - Tagetes","Tagetes sp. ","Land Border - Truck - Conveyance - CBP",7
"Other","Apium graveolens var. rapaceum ","Maritime Port - Vessel - Cargo - CBP",6
"Other","Brassica rapa subsp. rapa (Brassicaceae)","Land Border - Truck - Cargo - CBP",6
"Other","Chlorophytum comosum","Airport - Aircraft - Cargo - PIS",6
"Other","Cichorium endivia (Asteraceae)","Land Border - Truck - Cargo - CBP",6
"Other","Dysphania ambrosioides","Land Border - Truck - Cargo - CBP",6
"Other","Echeveria sp.","Airport - Aircraft - Cargo - PIS",6
"Other","Hydrangea sp.","Airport - Aircraft - Cargo - CBP",6
"Other","Jacobaea sp. ","Land Border - Truck - Cargo - CBP",6
"Other","Limonium sp.","Airport - Aircraft - Cargo - CBP",6
"Other","Luffa sp. ","Airport - Aircraft - Cargo - CBP",6
"Other","Petroselinum crispum (Apiaceae)","Airport - Aircraft - Cargo - CBP",6
"Other","Pisum sativum var. macrocarpon ","Maritime Port - Vessel - Cargo - CBP",6
"Other","Solanum melongena","Airport - Aircraft - Cargo - CBP",6
"Other","Veronica sp.","Land Border - Truck - Cargo - CBP",6
"Other","Asparagus sp.","Land Border - Truck - Cargo - CBP",5
"Other","Aster sp. ","Airport - Aircraft - Cargo - CBP",5
"Other","Callistephus sp. ","Airport - Aircraft - Cargo - CBP",5
"Other","Chamaedorea sp. ","Land Border - Truck - Cargo - CBP",5
"Other","Chrysanthemum sp. ","Maritime Port - Vessel - Cargo - CBP",5
"Other","Citrus aurantium (Rutaceae)","Maritime Port - Vessel - Cargo - CBP",5
"Other","Citrus latifolia (Rutaceae)","Maritime Port - Vessel - Cargo - CBP",5
"Other","Cyamopsis tetragonoloba","Airport - Aircraft - Cargo - CBP",5
"Other","Delphinium sp.","Airport - Aircraft - Cargo - CBP",5
"Other","Eucalyptus sp.","Land Border - Truck - Cargo - CBP",5
"Other","Gerbera sp. ","Land Border - Truck - Conveyance - CBP",5
"Other","Gladiolus sp.","Airport - Aircraft - Cargo - CBP",5
"Other","Lippia graveolens","Land Border - Truck - Cargo - CBP",5
"Other","Polianthes sp.","Land Border - Truck - Cargo - CBP",5
"Other","Rubus sp.","Airport - Aircraft - Cargo - CBP",5
"Other","Scabiosa sp.","Airport - Aircraft - Cargo - CBP",5
"Other","Solanum lycopersicum","Maritime Port - Vessel - Cargo - CBP",5
"Other","Solanum melongena","Land Border - Truck - Cargo - CBP",5
"Other","Xanthosoma sp.","Maritime Port - Vessel - Cargo - CBP",5
"Other","Abelmoschus esculentus","Maritime Port - Vessel - Cargo - CBP",4
"Other","Artemisia sp. ","Airport - Aircraft - Cargo - CBP",4
"Other","Asclepias sp.","Airport - Aircraft - Cargo - CBP",4
"Other","Asparagus officinalis","Airport - Aircraft - Cargo - CBP",4
"Other","Benincasa hispida","Maritime Port - Vessel - Cargo - CBP",4
"Other","Capsicum annuum","Airport - Aircraft - Cargo - CBP",4
"Other","Celosia sp.","Airport - Aircraft - Cargo - CBP",4
"Other","Crotalaria longirostrata","Airport - Aircraft - Cargo - CBP",4
"Other","Cucumis sativus","Maritime Port - Vessel - Cargo - CBP",4
"Other","Liatris sp. ","Land Border - Truck - Cargo - CBP",4
"Other","Momordica charantia (Cucurbitaceae)","Land Border - Truck - Cargo - CBP",4
"Other","Nerium sp.","Airport - Aircraft - Cargo - CBP",4
"Other","Origanum vulgare","Land Border - Truck - Cargo - CBP",4
"Other","Pisum sativum (Fabaceae)","Land Border - Truck - Cargo - CBP",4
"Other","Polianthes sp.","Airport - Aircraft - Cargo - CBP",4
"Other","Ruscus sp.","Airport - Aircraft - Cargo - CBP",4
"Other","Vigna unguiculata subsp. unguiculata f. sesquipedalis","Land Border - Truck - Cargo - CBP",4
"Other","Vitis sp.","Maritime Port - Vessel - Cargo - CBP",4
"Other",NA,"Land Border - Truck - Cargo - CBP",4
"Other",NA,"Maritime Port - Vessel - Cargo - CBP",4
"Apium graveolens var. dulce  - CELERY","Apium graveolens var. dulce ","Maritime Port - Vessel - Cargo - CBP",3
"Other","Aeonium sp.","Airport - Aircraft - Cargo - PIS",3
"Other","Allium ampeloprasum","Land Border - Truck - Conveyance - CBP",3
"Other","Allium porrum","Land Border - Truck - Cargo - CBP",3
"Other","Alstroemeria sp.","Maritime Port - Vessel - Cargo - CBP",3
"Other","Brassica oleracea var. gongylodes ","Land Border - Truck - Cargo - CBP",3
"Other","Callistephus sp. ","Land Border - Truck - Cargo - CBP",3
"Other","Carica papaya (Caricaceae)","Maritime Port - Vessel - Cargo - CBP",3
"Other","Carthamus sp. ","Land Border - Truck - Cargo - CBP",3
"Other","Chrysanthemum sp. ","Land Border - Truck - Cargo - CBP",3
"Other","Citrullus lanatus","Land Border - Truck - Cargo - CBP",3
"Other","Craspedia sp. ","Land Border - Truck - Cargo - CBP",3
"Other","Daucus carota subsp. sativus (Apiaceae)","Maritime Port - Vessel - Cargo - CBP",3
"Other","Eucalyptus sp.","Airport - Aircraft - Cargo - CBP",3
"Other","Helianthus sp. ","Land Border - Truck - Conveyance - CBP",3
"Other","Hoya sp.","Airport - Aircraft - Cargo - PIS",3
"Other","Lactuca sativa var. longifolia ","Airport - Aircraft - Cargo - CBP",3
"Other","Lagenaria siceraria (Cucurbitaceae)","Airport - Aircraft - Cargo - CBP",3
"Other","Lilium sp.","Airport - Aircraft - Cargo - CBP",3
"Other","Matthiola sp.","Airport - Aircraft - Cargo - CBP",3
"Other","Mentha piperita","Land Border - Truck - Cargo - CBP",3
"Other","Perilla frutescens (Lamiaceae)","Airport - Aircraft - Cargo - CBP",3
"Other","Pittosporum sp.","Airport - Aircraft - Cargo - CBP",3
"Other","Rosa sp.","Land Border - Truck - Conveyance - CBP",3
"Other","Rosmarinus officinalis","Land Border - Truck - Cargo - CBP",3
"Other","Salvia officinalis","Land Border - Truck - Cargo - CBP",3
"Other","Schefflera arboricola","Airport - Aircraft - Cargo - PIS",3
"Other","Sechium edule","Land Border - Truck - Cargo - CBP",3
"Other","Solanum lycopersicum","Land Border - Truck - Cargo - CBP",3
"Other","Tradescantia pallida","Airport - Aircraft - Cargo - PIS",3
"Other","Veronica sp.","Airport - Aircraft - Cargo - CBP",3
"Other","Zantedeschia sp.","Airport - Aircraft - Cargo - CBP",3
NA,NA,"Airport - Aircraft - Conveyance - CBP",3
"Ocimum basilicum (Lamiaceae) - Ocimum basilicum ","Ocimum basilicum (Lamiaceae)","Land Border - Truck - Conveyance - CBP",2
"Other","Adenium obesum","Maritime Port - Vessel - Cargo - PIS",2
"Other","Agapanthus sp.","Land Border - Truck - Cargo - CBP",2
"Other","Amaranthus sp. ","Land Border - Truck - Conveyance - CBP",2
"Other","Anemone sp.","Land Border - Truck - Cargo - CBP",2
"Other","Anthriscus cerefolium (Apiaceae)","Airport - Aircraft - Cargo - CBP",2
"Other","Astilbe sp.","Airport - Aircraft - Cargo - CBP",2
"Other","Astrantia sp. ","Airport - Aircraft - Cargo - CBP",2
"Other","Basilicum sp.","Airport - Aircraft - Cargo - CBP",2
"Other","Begonia sp.","Airport - Aircraft - Cargo - PIS",2
"Other","Benincasa hispida","Land Border - Truck - Cargo - CBP",2
"Other","Bupleurum sp. ","Airport - Aircraft - Cargo - CBP",2
"Other","Cichorium sp. ","Airport - Aircraft - Cargo - CBP",2
"Other","Citrus limetta (Rutaceae)","Maritime Port - Vessel - Cargo - CBP",2
"Other","Citrus sinensis (Rutaceae)","Maritime Port - Vessel - Cargo - CBP",2
"Other","Colocasia esculenta","Maritime Port - Vessel - Cargo - CBP",2
"Other","Cordyline sp.","Airport - Aircraft - Cargo - PIS",2
"Other","Delphinium sp.","Land Border - Truck - Cargo - CBP",2
"Other","Dendrobium hybrid","Airport - Aircraft - Cargo - PIS",2
"Other","Dianthus caryophyllus","Land Border - Truck - Cargo - CBP",2
"Other","Eryngium sp. ","Airport - Aircraft - Cargo - CBP",2
"Other","Eustoma sp.","Land Border - Truck - Conveyance - CBP",2
"Other","Gypsophila sp.","Land Border - Truck - Conveyance - CBP",2
"Other","Helianthus sp. ","Maritime Port - Vessel - Cargo - CBP",2
"Other","Hydrangea sp.","Airport - Aircraft - Express Carrier - CBP",2
"Other","Hydrangea sp.","Land Border - Truck - Cargo - CBP",2
"Other","Hydrangea sp.","Maritime Port - Vessel - Cargo - CBP",2
"Other","Hylocereus undatus","Airport - Aircraft - Cargo - CBP",2
"Other","Hylocereus undatus","Maritime Port - Vessel - Cargo - PIS",2
"Other","Iris sp.","Land Border - Truck - Cargo - CBP",2
"Other","Kalanchoe sp.","Airport - Aircraft - Cargo - CBP",2
"Other","Lactuca sativa var. crispa ","Land Border - Truck - Cargo - CBP",2
"Other","Lilium sp.","Land Border - Truck - Conveyance - CBP",2
"Other","Lilium sp.","Maritime Port - Vessel - Cargo - CBP",2
"Other","Limonium sp.","Land Border - Truck - Conveyance - CBP",2
"Other","Limonium sp.","Maritime Port - Vessel - Cargo - CBP",2
"Other","Manihot esculenta subsp. esculenta","Maritime Port - Vessel - Cargo - CBP",2
"Other","Melicoccus bijugatus","Airport - Aircraft - Cargo - CBP",2
"Other","Melicoccus bijugatus","Maritime Port - Vessel - Cargo - CBP",2
"Other","Mentha sp.","Airport - Aircraft - Cargo - CBP",2
"Other","Moluccella sp.","Airport - Aircraft - Cargo - CBP",2
"Other","Monstera sp.","Airport - Aircraft - Cargo - PIS",2
"Other","Monstera sp.","Airport - Aircraft - Mail - PIS Mail",2
"Other","Musa sp.","Land Border - Truck - Cargo - CBP",2
"Other","Myriophyllum aquaticum","Airport - Aircraft - Cargo - PIS",2
"Other","Ornithogalum sp.","Airport - Aircraft - Cargo - CBP",2
"Other","Phaseolus sp. ","Land Border - Truck - Cargo - CBP",2
"Other","Portulaca molokiniensis  (Portulacaceae)","Airport - Aircraft - Express Carrier - PIS",2
"Other","Ranunculus sp.","Land Border - Truck - Cargo - CBP",2
"Other","Ruscus sp.","Land Border - Truck - Cargo - CBP",2
"Other","Sechium edule","Maritime Port - Vessel - Cargo - CBP",2
"Other","Spinacia oleracea","Airport - Aircraft - Cargo - CBP",2
"Other","Thymus citriodorus","Airport - Aircraft - Cargo - CBP",2
"Other","Trichosanthes cucumerina var. anguina","Maritime Port - Vessel - Cargo - CBP",2
NA,NA,"Maritime Port - Vessel - Cargo - PIS",2
NA,NA,NA,2
"Capsicum sp. - Chili Pepper","Capsicum sp.","Land Border - Truck - Conveyance - CBP",1
"Other","Abies sp.","Maritime Port - Vessel - Cargo - CBP",1
"Other","Acanthocereus sp.","Airport - Aircraft - Cargo - CBP",1
"Other","Acanthocereus sp.","Maritime Port - Vessel - Cargo - CBP",1
"Other","Agave sp.","Airport - Aircraft - Cargo - PIS",1
"Other","Allium cepa","Land Border - Truck - Cargo - CBP",1
"Other","Allium fistulosum","Maritime Port - Vessel - Cargo - CBP",1
"Other","Allium sativum","Land Border - Truck - Cargo - CBP",1
"Other","Allium schoenoprasum","Maritime Port - Vessel - Cargo - CBP",1
"Other","Allium sp.","Airport - Aircraft - Cargo - CBP",1
"Other","Alocasia sp.","Airport - Aircraft - Cargo - CBP",1
"Other","Aloe sp.","Airport - Aircraft - Cargo - PIS",1
"Other","Aloe vera","Airport - Aircraft - Cargo - PIS",1
"Other","Aloe vera","Land Border - Truck - Cargo - CBP",1
"Other","Amaranthus tricolor (Amaranthaceae)","Land Border - Truck - Cargo - CBP",1
"Other","Ammi sp. ","Airport - Aircraft - Cargo - CBP",1
"Other","Ammi sp. ","Land Border - Truck - Cargo - CBP",1
"Other","Ananas comosus (Bromeliaceae)","Land Border - Truck - Cargo - CBP",1
"Other","Anigozanthos sp.","Airport - Aircraft - Cargo - CBP",1
"Other","Annona squamosa","Airport - Aircraft - Cargo - PIS",1
"Other","Aralia sp.","Airport - Aircraft - Cargo - CBP",1
"Other","Aranthera sp.","Airport - Aircraft - Cargo - CBP",1
"Other","Artocarpus heterophyllus","Maritime Port - Vessel - Cargo - CBP",1
"Other","Ascomycota","Airport - Aircraft - Cargo - CBP",1
"Other","Asparagus sp.","Airport - Aircraft - Cargo - CBP",1
"Other","Asparagus sp.","Land Border - Truck - Conveyance - CBP",1
"Other","Aster sp. ","Land Border - Truck - Conveyance - CBP",1
"Other","Berzelia sp.","Airport - Aircraft - Cargo - CBP",1
"Other","Bolbitis heudelotii","Airport - Aircraft - Cargo - PIS",1
"Other","Brassica napus (Brassicaceae)","Land Border - Truck - Cargo - CBP",1
"Other","Brassica oleracea var. alboglabra italica","Maritime Port - Vessel - Cargo - CBP",1
"Other","Brassica rapa subsp. narinosa (Brassicaceae)","Land Border - Truck - Cargo - CBP",1
"Other","Brassica rapa subsp. nipposinica (Brassicaceae)","Land Border - Truck - Cargo - CBP",1
"Other","Brassica sp. ","Land Border - Truck - Cargo - CBP",1
"Other","Brassocattleya sp.","Airport - Aircraft - Cargo - PIS",1
"Other","Brunia sp.","Airport - Aircraft - Cargo - CBP",1
"Other","Calendula sp. ","Land Border - Truck - Cargo - CBP",1
"Other","Callisia sp.","Airport - Aircraft - Cargo - PIS",1
"Other","Campanula sp.","Airport - Aircraft - Cargo - CBP",1
"Other","Capsicum baccatum","Airport - Aircraft - Cargo - CBP",1
"Other","Carica papaya (Caricaceae)","Land Border - Truck - Cargo - CBP",1
"Other","Carthamus sp. ","Land Border - Truck - Conveyance - CBP",1
"Other","Cattleya sp.","Airport - Aircraft - Cargo - PIS",1
"Other","Cattlianthe sp.","Airport - Aircraft - Cargo - PIS",1
"Other","Celosia argentea","Land Border - Truck - Cargo - CBP",1
"Other","Ceratopteris siliquosa","Airport - Aircraft - Cargo - PIS",1
"Other","Chamaedorea sp. ","Land Border - Truck - Conveyance - CBP",1
"Other","Chamelaucium sp.","Airport - Aircraft - Cargo - CBP",1
"Other","Chlorophytum sp.","Airport - Aircraft - Cargo - PIS",1
"Other","Cicer arietinum (Fabaceae)","Land Border - Truck - Cargo - CBP",1
"Other","Cichorium intybus var. foliosum ","Airport - Aircraft - Cargo - CBP",1
"Other","Citrullus lanatus","Maritime Port - Vessel - Cargo - CBP",1
"Other","Citrus aurantiifolia (Rutaceae)","Maritime Port - Vessel - Cargo - CBP",1
"Other","Clematis sp.","Airport - Aircraft - Cargo - CBP",1
"Other","Cocculus sp.","Airport - Aircraft - Cargo - CBP",1
"Other","Codiaeum sp.","Airport - Aircraft - Cargo - PIS",1
"Other","Codiaeum variegatum","Airport - Aircraft - Cargo - PIS",1
"Other","Coleus sp.","Airport - Aircraft - Cargo - PIS",1
"Other","Colocasia esculenta","Airport - Aircraft - Cargo - PIS",1
"Other","Colocasia esculenta","Airport - Aircraft - Cargo - Predeparture",1
"Other","Coprosma sp.","Airport - Aircraft - Cargo - CBP",1
"Other","Cordyline sp.","Airport - Aircraft - Cargo - CBP",1
"Other","Cordyline terminalis","Airport - Aircraft - Cargo - PIS",1
"Other","Corylus sp.","Airport - Aircraft - Cargo - CBP",1
"Other","Cosmos sp. ","Land Border - Truck - Cargo - CBP",1
"Other","Crassula sp.","Land Border - Truck - Cargo - CBP",1
"Other","Crassulaceae","Airport - Aircraft - Mail - PIS Mail",1
"Other","Crataegus sp.","Land Border - Truck - Cargo - CBP",1
"Other","Crinum sp.","Airport - Aircraft - Cargo - PIS",1
"Other","Crocosmia sp.","Land Border - Truck - Conveyance - CBP",1
"Other","Cucumis sativus","Airport - Aircraft - Cargo - CBP",1
"Other","Cucumis sativus","Land Border - Truck - Cargo - CBP",1
"Other","Cucurbita moschata","Land Border - Truck - Cargo - CBP",1
"Other","Cucurbita pepo subsp. pepo","Land Border - Truck - Cargo - CBP",1
"Other","Cucurbita pepo subsp. pepo","Maritime Port - Vessel - Cargo - CBP",1
"Other","Cucurbita sp.","Airport - Aircraft - Cargo - CBP",1
"Other","Cyclospermum leptophyllum (Apiaceae)","Land Border - Truck - Cargo - CBP",1
"Other","Dahlia sp.","Land Border - Truck - Cargo - CBP",1
"Other","Daucus sp. ","Airport - Aircraft - Cargo - CBP",1
"Other","Dendrobium sp.","Airport - Aircraft - Cargo - PIS",1
"Other","Dianella sp.","Land Border - Truck - Cargo - CBP",1
"Other","Dianthus caryophyllus","Airport - Aircraft - Cargo - CBP",1
"Other","Dianthus caryophyllus","Land Border - Truck - Conveyance - CBP",1
"Other","Dischidia sp.","Airport - Aircraft - Cargo - PIS",1
"Other","Dracaena sp.","Airport - Aircraft - Cargo - PIS",1
"Other","Dysphania ambrosioides","Airport - Aircraft - Cargo - CBP",1
"Other","Echeveria serrana  (Crassulaceae)","Airport - Aircraft - Cargo - PIS",1
"Other","Echinacea sp. ","Airport - Aircraft - Cargo - CBP",1
"Other","Elymus sp.","Airport - Aircraft - Cargo - CBP",1
"Other","Epipremnum sp.","Airport - Aircraft - Cargo - PIS",1
"Other","Eryngium sp. ","Maritime Port - Vessel - Cargo - CBP",1
"Other","Eucalyptus sp.","Land Border - Truck - Conveyance - CBP",1
"Other","Eucalyptus sp.","Maritime Port - Vessel - Cargo - CBP",1
"Other","Fernaldia pandurata","Airport - Aircraft - Cargo - CBP",1
"Other","Gomphrena globosa","Airport - Aircraft - Cargo - CBP",1
"Other","Gomphrena sp.","Airport - Aircraft - Cargo - CBP",1
"Other","Helichrysum sp. ","Airport - Aircraft - Cargo - CBP",1
"Other","Hoya lauterbachii  (Apocynaceae)","Airport - Aircraft - Cargo - PIS",1
"Other","Hoya macrophyla  (Apocynaceae)","Airport - Aircraft - Cargo - PIS",1
"Other","Hoya obscura  (Apocynaceae)","Airport - Aircraft - Cargo - PIS",1
"Other","Hoya pachyclada","Airport - Aircraft - Cargo - PIS",1
"Other","Hoya rotundifolia  (Apocynaceae)","Airport - Aircraft - Cargo - PIS",1
"Other","Hoya sp.","Airport - Aircraft - Mail - PIS Mail",1
"Other","Impatiens hawkeri","Airport - Aircraft - Cargo - PIS",1
"Other","Iris sp.","Airport - Aircraft - Cargo - CBP",1
"Other","Iris sp.","Land Border - Truck - Conveyance - CBP",1
"Other","Kalanchoe sp.","Airport - Aircraft - Cargo - PIS",1
"Other","Laurus nobilis","Land Border - Truck - Cargo - CBP",1
"Other","Lepidium sp.","Airport - Aircraft - Cargo - CBP",1
"Other","Leptotes sp.","Airport - Aircraft - Cargo - PIS",1
"Other","Leucospermum sp.","Airport - Aircraft - Cargo - CBP",1
"Other","Liatris sp. ","Land Border - Truck - Conveyance - CBP",1
"Other","Ludwigia palustris","Airport - Aircraft - Cargo - PIS",1
"Other","Lysimachia sp.","Airport - Aircraft - Cargo - CBP",1
"Other","Mammillaria compressa","Airport - Aircraft - Cargo - PIS",1
"Other","Manihot esculenta","Maritime Port - Vessel - Cargo - CBP",1
"Other","Maranta leuconeura","Airport - Aircraft - Cargo - PIS",1
"Other","Moluccella sp.","Land Border - Truck - Conveyance - CBP",1
"Other","Moringa oleifera","Airport - Aircraft - Cargo - Predeparture",1
"Other","Musa sp.","Airport - Aircraft - Cargo - CBP",1
"Other","Myosotis sp. ","Airport - Aircraft - Cargo - CBP",1
"Other","Myriophyllum sp.","Airport - Aircraft - Cargo - PIS",1
"Other","Myrtus sp.","Land Border - Truck - Cargo - CBP",1
"Other","Nepenthes ampullaria (Nepenthaceae)","Airport - Aircraft - Mail - PIS Mail",1
"Other","Nepenthes hybrid","Airport - Aircraft - Mail - PIS Mail",1
"Other","Nephrolepis sp.","Airport - Aircraft - Cargo - CBP",1
"Other","Nephrolepis sp.","Land Border - Truck - Cargo - CBP",1
"Other","Opuntia sp.","Land Border - Truck - Cargo - CBP",1
"Other","Opuntia sp.","Land Border - Truck - Conveyance - CBP",1
"Other","Origanum majorana","Land Border - Truck - Cargo - CBP",1
"Other","Origanum majoricum","Airport - Aircraft - Cargo - CBP",1
"Other","Origanum sp.","Airport - Aircraft - Cargo - CBP",1
"Other","Origanum vulgare subsp. hirtum","Airport - Aircraft - Cargo - CBP",1
"Other","Ornithogalum sp.","Land Border - Truck - Cargo - CBP",1
"Other","Oxypetalum sp.","Land Border - Truck - Cargo - CBP",1
"Other","Pachyrhizus tuberosus","Land Border - Truck - Cargo - CBP",1
"Other","Pachyrhizus tuberosus","Maritime Port - Vessel - Cargo - CBP",1
"Other","Pectis sp. ","Land Border - Truck - Conveyance - CBP",1
"Other","Peperomia obtusifolia","Airport - Aircraft - Cargo - PIS",1
"Other","Phaseolus sp. ","Land Border - Truck - Conveyance - CBP",1
"Other","Phaseolus sp. ","Maritime Port - Vessel - Cargo - CBP",1
"Other","Phaseolus vulgaris (Fabaceae)","Maritime Port - Vessel - Cargo - CBP",1
"Other","Philodendron hybrid","Airport - Aircraft - Cargo - PIS",1
"Other","Philodendron sp.","Airport - Aircraft - Cargo - PIS",1
"Other","Pistia sp.","Airport - Aircraft - Cargo - PIS",1
"Other","Pistia stratiotes","Airport - Aircraft - Cargo - PIS",1
"Other","Pisum sativum (Fabaceae)","Airport - Aircraft - Cargo - CBP",1
"Other","Pittosporum sp.","Land Border - Truck - Cargo - CBP",1
"Other","Pittosporum sp.","Maritime Port - Vessel - Cargo - CBP",1
"Other","Platycerium hybrid","Airport - Aircraft - Cargo - PIS",1
"Other","Polemonium sp.","Land Border - Truck - Conveyance - CBP",1
"Other","Polypodium sp.","Airport - Aircraft - Cargo - CBP",1
"Other","Polyscias sp.","Airport - Aircraft - Cargo - PIS",1
"Other","Psidium guajava","Land Border - Truck - Cargo - CBP",1
"Other","Quercus sp.","Land Border - Truck - Cargo - CBP",1
"Other","Rosa sp.","Maritime Port - Vessel - Cargo - CBP",1
"Other","Rumohra sp.","Land Border - Truck - Cargo - CBP",1
"Other","Scabiosa sp.","Land Border - Truck - Cargo - CBP",1
"Other","Schefflera sp.","Airport - Aircraft - Cargo - PIS",1
"Other","Senecio sp. ","Land Border - Truck - Cargo - CBP",1
"Other","Silene sp. ","Airport - Aircraft - Cargo - CBP",1
"Other","Solanum lycopersicum var. cerasiforme","Maritime Port - Vessel - Cargo - CBP",1
"Other","Solanum melongena","Airport - Aircraft - Conveyance - CBP",1
"Other","Solanum melongena","Maritime Port - Vessel - Conveyance - CBP",1
"Other","Stevia rebaudiana (Asteraceae)","Airport - Aircraft - Cargo - PIS",1
"Other","Stromanthe sanguinea  (Marantaceae)","Airport - Aircraft - Cargo - PIS",1
"Other","Syringa sp.","Airport - Aircraft - Cargo - CBP",1
"Other","Tecoma sp.","Land Border - Truck - Conveyance - CBP",1
"Other","Tillandsia harrisii","Airport - Aircraft - Cargo - PIS",1
"Other","Tillandsia ionantha","Airport - Aircraft - Cargo - PIS",1
"Other","Tradescantia sp.","Airport - Aircraft - Cargo - PIS",1
"Other","Trichosanthes cucumerina var. anguina","Airport - Aircraft - Cargo - CBP",1
"Other","Trichosanthes dioica","Airport - Aircraft - Cargo - CBP",1
"Other","Trichosanthes dioica","Maritime Port - Vessel - Cargo - CBP",1
"Other","Vaccinium angustifolium","Maritime Port - Vessel - Cargo - CBP",1
"Other","Vanda hybrid","Airport - Aircraft - Cargo - PIS",1
"Other","Victoria sp.","Airport - Aircraft - Cargo - PIS",1
"Other","Xanthosoma sp.","Land Border - Truck - Cargo - CBP",1
"Other","Xerochrysum sp. ","Land Border - Truck - Cargo - CBP",1
"Other","Zamioculcas zamiifolia","Airport - Aircraft - Cargo - PIS",1
"Other","Zingiber officinale","Airport - Aircraft - Cargo - CBP",1
"Other","Zingiber sp.","Land Border - Truck - Conveyance - CBP",1
"Other",NA,"Land Border - Rail - Cargo - CBP",1
"Zea mays - CORN","Zea mays","Maritime Port - Vessel - Cargo - CBP",1
NA,NA,"Airport - Aircraft - Express Carrier - CBP",1
NA,NA,"Land Border - Rail - Cargo - CBP",1
NA,NA,"Land Border - Truck - Conveyance - CBP",1
