"","INSPECTION_DATE","COMMODITY_DISPLAY_NAME","COMMODITY_TAXONOMIC_DISPLAY_NAME","INSPECTION_PATHWAY","ORIGIN","SUBCATEGORY","INSPECTION_LOCATION_STATE_CODE","DETERMINATION_TYPE","PEST_TAXONOMIC_NAME","QUARANTINE_RECOMMENDATION","DIAGNOSTIC_DETERMINATION_ID","DIAGNOSTIC_REQUEST_ID","NUMBER_DEAD_ADULTS","NUMBER_DEAD_CYSTS","NUMBER_DEAD_EGGS","NUMBER_DEAD_IMMATURE","NUMBER_DEAD_PUPAE","NUMBER_ALIVE_ADULTS","NUMBER_ALIVE_CYSTS","NUMBER_ALIVE_EGGS","NUMBER_ALIVE_IMMATURE","NUMBER_ALIVE_PUPAE","PEST_TAXON_ID","PEST_TAXONOMY_KINGDOM","PEST_TAXONOMY_PHYLUM","PEST_TAXONOMY_CLASS","PEST_TAXONOMY_ORDER","PEST_TAXONOMY_FAMILY","PEST_TAXONOMY_GENUS","PEST_TAXONOMY_SPECIES","PEST_TAXON_SIMPLE_NAME","ID_AUTHORITY","DETERMINATION_TYPE_ID","DETERMINED_BY_GROUP_ID","DETERMINATION_DATETIME","QUARANTINE_STATUS_HAWAII","QUARANTINE_STATUS_PUERTO_RICO","QUARANTINE_STATUS_CONUS","ID","DIAGNOSTIC_DETERMINATION_NOT_POSSIBLE_REASON"
"1","2024-12-17","Begonia sp. - Begonia sp.","Begonia sp.","Airport - Aircraft - Cargo - PIS","El Salvador","PIS","CA","Final ID","Tydeidae","No Phytosanitary Action",1652605,781439,NA,NA,NA,NA,NA,1,NA,NA,NA,NA,332,"Animalia","Arthropoda","Arachnida","Trombidiformes","Tydeidae",NA,NA,"Tydeidae","Earned - Final",5887,17411,"2024-12-18 08:00:00.0000000","Non-Quarantine","Non-Quarantine","Non-Quarantine",NA,NA
"2","2024-12-17","Begonia sp. - Begonia sp.","Begonia sp.","Airport - Aircraft - Cargo - PIS","El Salvador","PIS","CA","Final ID","Acaridae","No Phytosanitary Action",1652624,781440,NA,NA,NA,NA,NA,1,NA,NA,NA,NA,111,"Animalia","Arthropoda","Arachnida","Sarcoptiformes","Acaridae",NA,NA,"Acaridae","Earned - Final",5887,17411,"2024-12-18 08:00:00.0000000","Non-Quarantine","Non-Quarantine","Non-Quarantine",NA,NA
"3","2017-10-27","Begonia sp. - Begonia","Begonia sp.","Airport - Aircraft - Cargo - CBP","Costa Rica","CBP","FL","Final ID","Sonchus sp. (Asteraceae)","No Phytosanitary Action",542361,253459,NA,NA,NA,NA,NA,NA,NA,NA,NA,NA,21016,"Plantae",NA,"Magnoliopsida","Asterales","Asteraceae","Sonchus",NA,"Sonchus","Earned - Final",5887,17411,"2017-10-30 00:00:00.0000000","Non-Quarantine","Non-Quarantine","Non-Quarantine",NA,NA
"4","2017-10-27","Begonia sp. - Begonia","Begonia sp.","Airport - Aircraft - Cargo - CBP","Costa Rica","CBP","FL","Final ID","Acaridae","No Phytosanitary Action",542368,253462,0,NA,NA,NA,NA,2,NA,NA,NA,NA,111,"Animalia","Arthropoda","Arachnida","Sarcoptiformes","Acaridae",NA,NA,"Acaridae","Earned - Final",5887,17411,"2017-10-30 00:00:00.0000000","Non-Quarantine","Non-Quarantine","Non-Quarantine",NA,NA
"5","2025-01-06","Begonia sp. - Begonia sp.","Begonia sp.","Airport - Aircraft - Cargo - PIS","El Salvador","PIS","CA","Final ID","Mymaridae","No Phytosanitary Action",1661819,786067,NA,NA,NA,NA,NA,1,NA,NA,NA,NA,6412,"Animalia","Arthropoda","Insecta","Hymenoptera","Mymaridae",NA,NA,"Mymaridae","Conferred - Final",5887,17411,"2025-01-06 08:00:00.0000000","Non-Quarantine","Non-Quarantine","Non-Quarantine",NA,NA
"6","2021-11-12","Begonia sp. - Begonia sp.","Begonia sp.","Airport - Aircraft - Express Carrier - PIS","Hong Kong","PIS","WA","Final ID","Colletotrichum sp. (Glomerellaceae)","Phytosanitary Action",889750,410359,NA,NA,NA,NA,NA,NA,NA,NA,NA,NA,10815,"Fungi",NA,"Sordariomycetes","Glomerellales","Glomerellaceae","Colletotrichum",NA,"Colletotrichum","Earned - Final",5887,17411,"2021-11-12 08:00:00.0000000","Quarantine","Quarantine","Quarantine",NA,NA
"7","2024-12-17","Begonia sp. - Begonia sp.","Begonia sp.","Airport - Aircraft - Cargo - PIS","El Salvador","PIS","CA","Final ID","Histiostomatidae","No Phytosanitary Action",1652631,781441,NA,NA,NA,NA,NA,1,NA,NA,NA,NA,146,"Animalia","Arthropoda","Arachnida","Sarcoptiformes","Histiostomatidae",NA,NA,"Histiostomatidae","Earned - Final",5887,17411,"2024-12-18 08:00:00.0000000","Non-Quarantine","Non-Quarantine","Non-Quarantine",NA,NA
"8","2024-12-17","Begonia sp. - Begonia sp.","Begonia sp.","Airport - Aircraft - Cargo - PIS","El Salvador","PIS","CA","Final ID","Tydeidae","No Phytosanitary Action",1652639,781442,NA,NA,NA,NA,NA,1,NA,NA,NA,NA,332,"Animalia","Arthropoda","Arachnida","Trombidiformes","Tydeidae",NA,NA,"Tydeidae","Earned - Final",5887,17411,"2024-12-18 08:00:00.0000000","Non-Quarantine","Non-Quarantine","Non-Quarantine",NA,NA
"9","2024-12-17","Begonia sp. - Begonia sp.","Begonia sp.","Airport - Aircraft - Cargo - PIS","El Salvador","PIS","CA","Final ID","Acaridae","No Phytosanitary Action",1652642,781449,NA,NA,NA,NA,NA,1,NA,NA,0,NA,111,"Animalia","Arthropoda","Arachnida","Sarcoptiformes","Acaridae",NA,NA,"Acaridae","Earned - Final",5887,17411,"2024-12-18 08:00:00.0000000","Non-Quarantine","Non-Quarantine","Non-Quarantine",NA,NA
"10","2024-12-17","Begonia sp. - Begonia sp.","Begonia sp.","Airport - Aircraft - Cargo - PIS","El Salvador","PIS","CA","Final ID","Histiostomatidae","No Phytosanitary Action",1652641,781447,NA,NA,NA,NA,NA,1,NA,NA,NA,NA,146,"Animalia","Arthropoda","Arachnida","Sarcoptiformes","Histiostomatidae",NA,NA,"Histiostomatidae","Earned - Final",5887,17411,"2024-12-18 08:00:00.0000000","Non-Quarantine","Non-Quarantine","Non-Quarantine",NA,NA
"11","2020-02-14","Begonia sp. - Begonia sp.","Begonia sp.","Airport - Aircraft - Mail - PIS Mail","Indonesia","PIS","CA","Final ID","Acutaspis umbonifera (Newstead)  (Diaspididae)","Phytosanitary Action",179508,91217,NA,NA,NA,NA,NA,1,NA,NA,NA,NA,5684,"Animalia","Arthropoda","Insecta","Hemiptera","Diaspididae","Acutaspis","umbonifera","umbonifera","Earned - Final",5887,17412,"2020-02-20 05:00:00.0000000","Quarantine","Quarantine","Quarantine",NA,NA
"12","2020-03-11","Begonia tuberhybrida - Begonia tuberhybrida","Begonia tuberhybrida","Airport - Aircraft - Cargo - PIS","Germany","PIS","GA","Final ID","Pteromalidae","No Phytosanitary Action",110404,59754,NA,NA,NA,NA,NA,1,NA,NA,NA,NA,6418,"Animalia","Arthropoda","Insecta","Hymenoptera","Pteromalidae",NA,NA,"Pteromalidae","Conferred - Final",5887,17411,"2020-03-11 04:00:00.0000000","Non-Quarantine","Non-Quarantine","Non-Quarantine",NA,NA
"13","2024-04-04","Begonia atricha  (Begoniaceae)","Begonia atricha  (Begoniaceae)","Airport - Aircraft - Express Carrier - PIS","Indonesia","PIS","CA","Final ID","Oribatida","No Phytosanitary Action",1469088,698043,NA,NA,NA,NA,NA,1,NA,NA,NA,NA,39174,"Animalia","Arthropoda","Arachnida","Sarcoptiformes",NA,NA,NA,"Oribatida","Earned - Final",5887,17411,"2024-04-04 07:00:00.0000000","Non-Quarantine","Non-Quarantine","Non-Quarantine",NA,NA
"14","2024-04-04","Begonia atricha  (Begoniaceae)","Begonia atricha  (Begoniaceae)","Airport - Aircraft - Express Carrier - PIS","Indonesia","PIS","CA","Final ID","Oribatida","No Phytosanitary Action",1469087,698045,NA,NA,NA,NA,NA,1,NA,NA,NA,NA,39174,"Animalia","Arthropoda","Arachnida","Sarcoptiformes",NA,NA,NA,"Oribatida","Earned - Final",5887,17411,"2024-04-04 07:00:00.0000000","Non-Quarantine","Non-Quarantine","Non-Quarantine",NA,NA
"15","2022-10-17","Begonia boliviensis - Begonia boliviensis","Begonia boliviensis","Airport - Aircraft - Cargo - PIS","Germany","PIS","GA","Final ID","Araneae","No Phytosanitary Action",1094200,513846,NA,NA,NA,NA,NA,NA,NA,12,NA,NA,4,"Animalia","Arthropoda","Arachnida","Araneae",NA,NA,NA,"Araneae","Conferred - Final",5887,17411,"2022-10-17 04:00:00.0000000","Non-Quarantine","Non-Quarantine","Non-Quarantine",NA,NA
"16","2024-01-22","Begonia sp. - Begonia sp.","Begonia sp.","Airport - Aircraft - Cargo - PIS","Germany","PIS","GA","Final ID","Braconidae","No Phytosanitary Action",1411746,671111,NA,NA,NA,NA,NA,2,NA,NA,NA,NA,6480,"Animalia","Arthropoda","Insecta","Hymenoptera","Braconidae",NA,NA,"Braconidae","Conferred - Final",5887,17411,"2024-01-23 05:00:00.0000000","Non-Quarantine","Non-Quarantine","Non-Quarantine",NA,NA
"17","2024-01-22","Begonia sp. - Begonia sp.","Begonia sp.","Airport - Aircraft - Cargo - PIS","Germany","PIS","GA","Final ID","Pteromalidae","No Phytosanitary Action",1411744,671300,NA,NA,NA,NA,NA,2,NA,NA,NA,NA,6418,"Animalia","Arthropoda","Insecta","Hymenoptera","Pteromalidae",NA,NA,"Pteromalidae","Earned - Final",5887,17411,"2024-01-23 05:00:00.0000000","Non-Quarantine","Non-Quarantine","Non-Quarantine",NA,NA
"18","2024-01-22","Begonia sp. - Begonia sp.","Begonia sp.","Airport - Aircraft - Cargo - PIS","Germany","PIS","GA","Final ID","Sciaridae","No Phytosanitary Action",1411737,671112,NA,NA,NA,NA,NA,1,NA,NA,NA,NA,3184,"Animalia","Arthropoda","Insecta","Diptera","Sciaridae",NA,NA,"Sciaridae","Conferred - Final",5887,17411,"2024-01-23 05:00:00.0000000","Non-Quarantine","Non-Quarantine","Non-Quarantine",NA,NA
"19","2025-02-12","Begonia sp. - Begonia sp.","Begonia sp.","Airport - Aircraft - Cargo - PIS","Thailand","PIS","FL","Final ID","Sciaridae","No Phytosanitary Action",1687095,797193,NA,NA,NA,NA,NA,1,NA,NA,NA,NA,3184,"Animalia","Arthropoda","Insecta","Diptera","Sciaridae",NA,NA,"Sciaridae","Conferred - Final",5887,17411,"2025-02-12 05:00:00.0000000","Non-Quarantine","Non-Quarantine","Non-Quarantine",NA,NA
"20","2024-12-17","Begonia sp. - Begonia sp.","Begonia sp.","Airport - Aircraft - Cargo - PIS","El Salvador","PIS","CA","Final ID","Tydeidae","No Phytosanitary Action",1652639,781442,NA,NA,NA,NA,NA,1,NA,NA,NA,NA,332,"Animalia","Arthropoda","Arachnida","Trombidiformes","Tydeidae",NA,NA,"Tydeidae","Earned - Final",5887,17411,"2024-12-18 08:00:00.0000000","Non-Quarantine","Non-Quarantine","Non-Quarantine",NA,NA
"21","2024-12-17","Begonia sp. - Begonia sp.","Begonia sp.","Airport - Aircraft - Cargo - PIS","El Salvador","PIS","CA","Final ID","Acaridae","No Phytosanitary Action",1652624,781440,NA,NA,NA,NA,NA,1,NA,NA,NA,NA,111,"Animalia","Arthropoda","Arachnida","Sarcoptiformes","Acaridae",NA,NA,"Acaridae","Earned - Final",5887,17411,"2024-12-18 08:00:00.0000000","Non-Quarantine","Non-Quarantine","Non-Quarantine",NA,NA
"22","2024-12-17","Begonia sp. - Begonia sp.","Begonia sp.","Airport - Aircraft - Cargo - PIS","El Salvador","PIS","CA","Final ID","Histiostomatidae","No Phytosanitary Action",1652631,781441,NA,NA,NA,NA,NA,1,NA,NA,NA,NA,146,"Animalia","Arthropoda","Arachnida","Sarcoptiformes","Histiostomatidae",NA,NA,"Histiostomatidae","Earned - Final",5887,17411,"2024-12-18 08:00:00.0000000","Non-Quarantine","Non-Quarantine","Non-Quarantine",NA,NA
"23","2024-12-17","Begonia sp. - Begonia sp.","Begonia sp.","Airport - Aircraft - Cargo - PIS","El Salvador","PIS","CA","Final ID","Acaridae","No Phytosanitary Action",1652642,781449,NA,NA,NA,NA,NA,1,NA,NA,0,NA,111,"Animalia","Arthropoda","Arachnida","Sarcoptiformes","Acaridae",NA,NA,"Acaridae","Earned - Final",5887,17411,"2024-12-18 08:00:00.0000000","Non-Quarantine","Non-Quarantine","Non-Quarantine",NA,NA
"24","2024-12-17","Begonia sp. - Begonia sp.","Begonia sp.","Airport - Aircraft - Cargo - PIS","El Salvador","PIS","CA","Final ID","Tydeidae","No Phytosanitary Action",1652605,781439,NA,NA,NA,NA,NA,1,NA,NA,NA,NA,332,"Animalia","Arthropoda","Arachnida","Trombidiformes","Tydeidae",NA,NA,"Tydeidae","Earned - Final",5887,17411,"2024-12-18 08:00:00.0000000","Non-Quarantine","Non-Quarantine","Non-Quarantine",NA,NA
"25","2024-12-17","Begonia sp. - Begonia sp.","Begonia sp.","Airport - Aircraft - Cargo - PIS","El Salvador","PIS","CA","Final ID","Histiostomatidae","No Phytosanitary Action",1652641,781447,NA,NA,NA,NA,NA,1,NA,NA,NA,NA,146,"Animalia","Arthropoda","Arachnida","Sarcoptiformes","Histiostomatidae",NA,NA,"Histiostomatidae","Earned - Final",5887,17411,"2024-12-18 08:00:00.0000000","Non-Quarantine","Non-Quarantine","Non-Quarantine",NA,NA
"26","2024-06-04","Begonia rex - Begonia rex","Begonia rex","Airport - Aircraft - Express Carrier - PIS","Indonesia","PIS","CA","Final ID","Acaridae","No Phytosanitary Action",1514587,719558,NA,NA,NA,NA,NA,4,NA,NA,NA,NA,111,"Animalia","Arthropoda","Arachnida","Sarcoptiformes","Acaridae",NA,NA,"Acaridae","Earned - Final",5887,17411,"2024-06-04 07:00:00.0000000","Non-Quarantine","Non-Quarantine","Non-Quarantine",NA,NA
"27","2024-06-04","Begonia rex - Begonia rex","Begonia rex","Airport - Aircraft - Express Carrier - PIS","Indonesia","PIS","CA","Final ID","Mesostigmata","No Phytosanitary Action",1514588,719560,NA,NA,NA,NA,NA,2,NA,NA,NA,NA,42,"Animalia","Arthropoda","Arachnida","Mesostigmata",NA,NA,NA,"Mesostigmata","Earned - Final",5887,17411,"2024-06-04 07:00:00.0000000","Non-Quarantine","Non-Quarantine","Non-Quarantine",NA,NA
"28","2024-06-04","Begonia rex - Begonia rex","Begonia rex","Airport - Aircraft - Express Carrier - PIS","Indonesia","PIS","CA","Final ID","Thripidae","Phytosanitary Action",1515130,719561,NA,NA,NA,NA,NA,0,NA,NA,3,NA,8105,"Animalia","Arthropoda","Insecta","Thysanoptera","Thripidae",NA,NA,"Thripidae","Earned - Final",5887,17412,"2024-06-05 04:00:00.0000000","Quarantine","Quarantine","Quarantine",NA,NA
"29","2024-06-04","Begonia rex - Begonia rex","Begonia rex","Airport - Aircraft - Express Carrier - PIS","Indonesia","PIS","CA","Final ID","Brevipalpus sp. (Tenuipalpidae)","Phytosanitary Action",1515314,719559,NA,NA,NA,NA,NA,NA,NA,NA,3,NA,266,"Animalia","Arthropoda","Arachnida","Trombidiformes","Tenuipalpidae","Brevipalpus",NA,"Brevipalpus","Earned - Final",5887,17412,"2024-06-05 04:00:00.0000000","Quarantine","Quarantine","Quarantine",NA,NA
"30","2021-11-23","Begonia sp. - Begonia sp.","Begonia sp.","Airport - Aircraft - Cargo - PIS","Netherlands","PIS","NY","Final ID","Thripidae","Phytosanitary Action",878031,411993,NA,NA,NA,NA,NA,NA,NA,NA,NA,1,8105,"Animalia","Arthropoda","Insecta","Thysanoptera","Thripidae",NA,NA,"Thripidae","Earned - Final",5887,17411,"2021-11-24 05:00:00.0000000","Quarantine","Quarantine","Quarantine",NA,NA
"31","2025-08-22","Begonia elatior (Begoniaceae) - Begonia elatior","Begonia elatior (Begoniaceae)","Airport - Aircraft - Cargo - PIS","Uganda","PIS","GA","Final ID","Lagria villosa Fabricius  (Tenebrionidae)","Phytosanitary Action",1832509,862219,1,NA,NA,NA,NA,1,NA,NA,NA,NA,2355,"Animalia","Arthropoda","Insecta","Coleoptera","Tenebrionidae","Lagria","villosa","villosa","Earned - Final",5887,17412,"2025-08-22 07:00:00.0000000","Uncategorized","Uncategorized","Quarantine",NA,NA
"32","2025-08-11","Begonia elatior (Begoniaceae) - Begonia elatior","Begonia elatior (Begoniaceae)","Airport - Aircraft - Cargo - PIS","Uganda","PIS","GA","Final ID","Collembola","No Phytosanitary Action",1824572,858602,NA,NA,NA,NA,NA,1,NA,NA,NA,NA,341,"Animalia","Arthropoda","Collembola",NA,NA,NA,NA,"Collembola","Conferred - Final",5887,17411,"2025-08-12 04:00:00.0000000","Non-Quarantine","Non-Quarantine","Non-Quarantine",NA,NA
"33","2025-01-13","Begonia sp. - Begonia sp.","Begonia sp.","Airport - Aircraft - Cargo - PIS","El Salvador","PIS","CA","Final ID","Acaridae","No Phytosanitary Action",1666358,788112,NA,NA,NA,NA,NA,4,NA,NA,NA,NA,111,"Animalia","Arthropoda","Arachnida","Sarcoptiformes","Acaridae",NA,NA,"Acaridae","Earned - Final",5887,17412,"2025-01-14 05:00:00.0000000","Non-Quarantine","Non-Quarantine","Non-Quarantine",NA,NA
"34","2025-01-13","Begonia sp. - Begonia sp.","Begonia sp.","Airport - Aircraft - Cargo - PIS","El Salvador","PIS","CA","Final ID","Parasitidae","No Phytosanitary Action",1666352,788111,NA,NA,NA,NA,NA,1,NA,NA,NA,NA,74,"Animalia","Arthropoda","Arachnida","Mesostigmata","Parasitidae",NA,NA,"Parasitidae","Earned - Final",5887,17412,"2025-01-14 05:00:00.0000000","Non-Quarantine","Non-Quarantine","Non-Quarantine",NA,NA
"35","2024-11-19","Begonia sp. - Begonia sp.","Begonia sp.","Airport - Aircraft - Cargo - PIS","Dominican Republic","PIS","FL","Final ID","Succinea sp. (Succineidae)","No Phytosanitary Action",1634415,773258,NA,NA,NA,NA,NA,NA,NA,NA,1,NA,9130,"Animalia","Mollusca","Gastropoda","Stylommatophora","Succineidae","Succinea",NA,"Succinea","Earned - Final",5887,17411,"2024-11-20 05:00:00.0000000","Quarantine","Quarantine","Quarantine",NA,NA
"36","2025-09-23","Begonia sp. - Begonia sp.","Begonia sp.","Airport - Aircraft - Cargo - PIS","Thailand","PIS","TX","Final ID","Lasiodiplodia sp. (Botryosphaeriaceae)","Phytosanitary Action",1856035,872812,NA,NA,NA,NA,NA,NA,NA,NA,NA,NA,9826,"Fungi",NA,"Dothideomycetes","Botryosphaeriales","Botryosphaeriaceae","Lasiodiplodia",NA,"Lasiodiplodia","Earned - Final",5887,17412,"2025-09-23 04:00:00.0000000","Quarantine","Quarantine","Quarantine",NA,NA
"37","2025-09-23","Begonia sp. - Begonia sp.","Begonia sp.","Airport - Aircraft - Cargo - PIS","Thailand","PIS","TX","Final ID","Cercospora coffeicola Berk. & Cooke (Mycosphaerellaceae)","No Phytosanitary Action",1856694,872893,NA,NA,NA,NA,NA,NA,NA,NA,NA,NA,9922,"Fungi",NA,"Dothideomycetes","Mycosphaerellales","Mycosphaerellaceae","Cercospora","coffeicola","coffeicola","Earned - Final",5887,17412,"2025-09-24 04:00:00.0000000","Uncategorized","Uncategorized","Non-Quarantine",NA,NA
"38","2025-09-23","Begonia sp. - Begonia sp.","Begonia sp.","Airport - Aircraft - Cargo - PIS","Thailand","PIS","TX","Final ID","Pseudococcidae","Phytosanitary Action",1856454,872892,NA,NA,NA,NA,NA,NA,NA,NA,1,NA,6039,"Animalia","Arthropoda","Insecta","Hemiptera","Pseudococcidae",NA,NA,"Pseudococcidae","Earned - Final",5887,17411,"2025-09-24 05:00:00.0000000","Quarantine","Quarantine","Quarantine",NA,NA
"39","2025-09-23","Begonia sp. - Begonia sp.","Begonia sp.","Airport - Aircraft - Cargo - PIS","Thailand","PIS","TX","Final ID","Colletotrichum orchidearum Allesch.  (Glomerellaceae)","No Phytosanitary Action",1856631,872902,NA,NA,NA,NA,NA,NA,NA,NA,NA,NA,10841,"Fungi",NA,"Sordariomycetes","Glomerellales","Glomerellaceae","Colletotrichum","orchidearum","orchidearum","Earned - Final",5887,17411,"2025-09-24 05:00:00.0000000","Uncategorized","Uncategorized","Non-Quarantine",NA,NA
"40","2025-01-13","Begonia sp. - Begonia sp.","Begonia sp.","Airport - Aircraft - Cargo - PIS","El Salvador","PIS","CA","Final ID","Acaridae","No Phytosanitary Action",1666358,788112,NA,NA,NA,NA,NA,4,NA,NA,NA,NA,111,"Animalia","Arthropoda","Arachnida","Sarcoptiformes","Acaridae",NA,NA,"Acaridae","Earned - Final",5887,17412,"2025-01-14 05:00:00.0000000","Non-Quarantine","Non-Quarantine","Non-Quarantine",NA,NA
"41","2025-01-13","Begonia sp. - Begonia sp.","Begonia sp.","Airport - Aircraft - Cargo - PIS","El Salvador","PIS","CA","Final ID","Parasitidae","No Phytosanitary Action",1666352,788111,NA,NA,NA,NA,NA,1,NA,NA,NA,NA,74,"Animalia","Arthropoda","Arachnida","Mesostigmata","Parasitidae",NA,NA,"Parasitidae","Earned - Final",5887,17412,"2025-01-14 05:00:00.0000000","Non-Quarantine","Non-Quarantine","Non-Quarantine",NA,NA
"42","2020-02-21","Begonia sp. - Begonia sp.","Begonia sp.","Airport - Aircraft - Mail - PIS Mail","Thailand","PIS","HI","Final ID","Psychodidae","No Phytosanitary Action",176077,89674,NA,NA,NA,NA,NA,NA,NA,NA,1,NA,3175,"Animalia","Arthropoda","Insecta","Diptera","Psychodidae",NA,NA,"Psychodidae","Earned - Final",5887,17412,"2020-02-24 05:00:00.0000000","Non-Quarantine","Non-Quarantine","Non-Quarantine",NA,NA
"43","2024-10-11","Begonia sp. - Begonia sp.","Begonia sp.","Airport - Aircraft - Express Carrier - PIS","Mexico","PIS","TX","Final ID","Lygaeidae","Phytosanitary Action",1611854,763231,NA,NA,NA,NA,NA,NA,NA,NA,1,NA,4046,"Animalia","Arthropoda","Insecta","Hemiptera","Lygaeidae",NA,NA,"Lygaeidae","Earned - Final",5887,17411,"2024-10-21 05:00:00.0000000","Quarantine","Quarantine","Quarantine",NA,NA
"44","2017-12-18","Begonia sp. - Begonia sp.","Begonia sp.","Airport - Aircraft - Cargo - PIS","Germany","PIS","NJ","Final ID","Thripidae","Phytosanitary Action",522615,244730,NA,NA,NA,NA,NA,NA,NA,NA,2,NA,8105,"Animalia","Arthropoda","Insecta","Thysanoptera","Thripidae",NA,NA,"Thripidae","Earned - Final",5887,17411,"2017-12-19 00:00:00.0000000","Quarantine","Quarantine","Quarantine",NA,NA
"45","2023-10-09","Begonia rex - Begonia rex","Begonia rex","Airport - Aircraft - Cargo - PIS","Netherlands","PIS","GA","Final ID","Staphylinidae","No Phytosanitary Action",1327649,621790,NA,NA,NA,NA,NA,NA,NA,NA,5,NA,2985,"Animalia","Arthropoda","Insecta","Coleoptera","Staphylinidae",NA,NA,"Staphylinidae","Conferred - Final",5887,17411,"2023-10-10 04:00:00.0000000","Non-Quarantine","Non-Quarantine","Non-Quarantine",NA,NA
"46","2019-11-20","Begonia sp. - Begonia sp.","Begonia sp.","Airport - Aircraft - Mail - PIS Mail","Thailand","PIS","HI","Final ID","Ophiostoma sp. (Ophiostomataceae)","Phytosanitary Action",216724,107738,NA,NA,NA,NA,NA,NA,NA,NA,NA,NA,10882,"Fungi",NA,"Sordariomycetes","Ophiostomatales","Ophiostomataceae","Ophiostoma",NA,"Ophiostoma","Earned - Final",5887,17412,"2019-11-21 16:03:35.0000000","Quarantine","Quarantine","Quarantine",NA,NA
"47","2023-12-15","Begonia sp. - Begonia sp.","Begonia sp.","Airport - Aircraft - Cargo - PIS","Thailand","PIS","FL","Final ID","Bacteria","Phytosanitary Action",1371079,642324,NA,NA,NA,NA,NA,NA,NA,NA,NA,NA,9690,"Bacteria",NA,NA,NA,NA,NA,NA,"Bacteria","Earned - Final",5887,17412,"2023-12-15 05:00:00.0000000","Quarantine","Quarantine","Quarantine",NA,NA
"48","2024-10-07","Begonia rex - Begonia rex","Begonia rex","Airport - Aircraft - Cargo - PIS","Netherlands","PIS","FL","Final ID","Insecta","No Phytosanitary Action",1603272,759195,NA,NA,NA,NA,NA,NA,NA,1,NA,NA,364,"Animalia","Arthropoda","Insecta",NA,NA,NA,NA,"Insecta","Conferred - Final",5887,17411,"2024-10-08 04:00:00.0000000","Quarantine","Quarantine","Quarantine",NA,NA
"49","2024-10-07","Begonia rex - Begonia rex","Begonia rex","Airport - Aircraft - Cargo - PIS","Netherlands","PIS","FL","Final ID","Pseudococcidae","Phytosanitary Action",1603247,759197,NA,NA,NA,NA,NA,NA,NA,NA,1,NA,6039,"Animalia","Arthropoda","Insecta","Hemiptera","Pseudococcidae",NA,NA,"Pseudococcidae","Earned - Final",5887,17411,"2024-10-08 04:00:00.0000000","Quarantine","Quarantine","Quarantine",NA,NA
"50","2024-10-07","Begonia rex - Begonia rex","Begonia rex","Airport - Aircraft - Cargo - PIS","Netherlands","PIS","FL","Final ID","Lepidoptera","Phytosanitary Action",1603585,759198,NA,NA,NA,NA,NA,NA,NA,1,NA,NA,6776,"Animalia","Arthropoda","Insecta","Lepidoptera",NA,NA,NA,"Lepidoptera","Earned - Final",5887,17412,"2024-10-08 04:00:00.0000000","Quarantine","Quarantine","Quarantine",NA,NA
"51","2021-03-22","Begonia elatior (Begoniaceae) - Begonia elatior","Begonia elatior (Begoniaceae)","Airport - Aircraft - Cargo - PIS","Brazil","PIS","GA","Final ID","Oxalis sp. (Oxalidaceae)","No Phytosanitary Action",695743,322469,NA,NA,NA,NA,NA,NA,NA,NA,NA,NA,29272,"Plantae",NA,"Magnoliopsida","Oxalidales","Oxalidaceae","Oxalis",NA,"Oxalis","Earned - Final",5887,17411,"2021-03-22 04:00:00.0000000","Non-Quarantine","Non-Quarantine","Non-Quarantine",NA,NA
"52","2025-03-03","Begonia sp. - Begonia sp.","Begonia sp.","Airport - Aircraft - Cargo - PIS","Germany","PIS","GA","Final ID","Entomobryidae","No Phytosanitary Action",1700758,803242,NA,NA,NA,NA,NA,1,NA,NA,NA,NA,348,"Animalia","Arthropoda","Collembola","Entomobryomorpha","Entomobryidae",NA,NA,"Entomobryidae","Conferred - Final",5887,17411,"2025-03-03 05:00:00.0000000","Non-Quarantine","Non-Quarantine","Non-Quarantine",NA,NA
"53","2025-09-18","Begonia sp. - Begonia sp.","Begonia sp.","Airport - Aircraft - Express Carrier - PIS","Indonesia","PIS","FL","Final ID","Diaspididae","Phytosanitary Action",1852880,871325,NA,NA,NA,NA,NA,NA,NA,NA,1,NA,5664,"Animalia","Arthropoda","Insecta","Hemiptera","Diaspididae",NA,NA,"Diaspididae","Earned - Final",5887,17411,"2025-09-18 04:00:00.0000000","Quarantine","Quarantine","Quarantine",NA,NA
"54","2025-03-03","Begonia sp. - Begonia sp.","Begonia sp.","Airport - Aircraft - Cargo - PIS","Germany","PIS","GA","Final ID","Aphanogmus sp. (Ceraphronidae)","No Phytosanitary Action",1701324,803241,NA,NA,NA,NA,NA,2,NA,NA,NA,NA,6340,"Animalia","Arthropoda","Insecta","Hymenoptera","Ceraphronidae","Aphanogmus",NA,"Aphanogmus","Earned - Final",5887,17412,"2025-03-04 05:00:00.0000000","Non-Quarantine","Non-Quarantine","Non-Quarantine",NA,NA
"55","2025-09-18","Begonia sp. - Begonia sp.","Begonia sp.","Airport - Aircraft - Express Carrier - PIS","Indonesia","PIS","FL","Final ID","Chaetanaphothrips signipennis (Bagnall)  (Thripidae)","No Phytosanitary Action",1853570,871323,NA,NA,NA,NA,NA,1,NA,NA,NA,NA,8181,"Animalia","Arthropoda","Insecta","Thysanoptera","Thripidae","Chaetanaphothrips","signipennis","signipennis","Earned - Final",5887,17412,"2025-09-19 04:00:00.0000000","Non-Quarantine","Non-Quarantine","Non-Quarantine",NA,NA
"56","2023-12-04","Begonia elatior (Begoniaceae) - Begonia elatior","Begonia elatior (Begoniaceae)","Airport - Aircraft - Cargo - PIS","Portugal","PIS","GA","Final ID","Staphylinidae","No Phytosanitary Action",1362964,638748,NA,NA,NA,NA,NA,1,NA,NA,NA,NA,2985,"Animalia","Arthropoda","Insecta","Coleoptera","Staphylinidae",NA,NA,"Staphylinidae","Conferred - Final",5887,17411,"2023-12-04 05:00:00.0000000","Non-Quarantine","Non-Quarantine","Non-Quarantine",NA,NA
"57","2025-09-03","Begonia elatior (Begoniaceae) - Begonia elatior","Begonia elatior (Begoniaceae)","Airport - Aircraft - Cargo - PIS","Portugal","PIS","GA","Final ID","Psocoptera","No Phytosanitary Action",1841923,866434,NA,NA,NA,NA,NA,1,NA,NA,NA,NA,7992,"Animalia","Arthropoda","Insecta","Psocoptera",NA,NA,NA,"Psocoptera","Conferred - Final",5887,17411,"2025-09-04 04:00:00.0000000","Non-Quarantine","Non-Quarantine","Non-Quarantine",NA,NA
"58","2024-04-25","Begonia glabra - Begonia glabra","Begonia glabra","Airport - Aircraft - Express Carrier - PIS","Indonesia","PIS","CA","Final ID","Acaridae","No Phytosanitary Action",1485192,705370,NA,NA,NA,NA,NA,3,NA,NA,NA,NA,111,"Animalia","Arthropoda","Arachnida","Sarcoptiformes","Acaridae",NA,NA,"Acaridae","Earned - Final",5887,17411,"2024-04-26 07:00:00.0000000","Non-Quarantine","Non-Quarantine","Non-Quarantine",NA,NA
"59","2024-04-25","Begonia glabra - Begonia glabra","Begonia glabra","Airport - Aircraft - Express Carrier - PIS","Indonesia","PIS","CA","Final ID","Cunaxidae","No Phytosanitary Action",1485190,705368,NA,NA,NA,NA,NA,4,NA,NA,NA,NA,187,"Animalia","Arthropoda","Arachnida","Trombidiformes","Cunaxidae",NA,NA,"Cunaxidae","Earned - Final",5887,17411,"2024-04-26 07:00:00.0000000","Non-Quarantine","Non-Quarantine","Non-Quarantine",NA,NA
"60","2024-04-25","Begonia glabra - Begonia glabra","Begonia glabra","Airport - Aircraft - Express Carrier - PIS","Indonesia","PIS","CA","Final ID","Acaridae","No Phytosanitary Action",1485191,705369,NA,NA,NA,NA,NA,1,NA,NA,NA,NA,111,"Animalia","Arthropoda","Arachnida","Sarcoptiformes","Acaridae",NA,NA,"Acaridae","Earned - Final",5887,17411,"2024-04-26 07:00:00.0000000","Non-Quarantine","Non-Quarantine","Non-Quarantine",NA,NA
"61","2024-04-25","Begonia glabra - Begonia glabra","Begonia glabra","Airport - Aircraft - Express Carrier - PIS","Indonesia","PIS","CA","Final ID","Acaridae","No Phytosanitary Action",1485195,705372,NA,NA,NA,NA,NA,1,NA,NA,NA,NA,111,"Animalia","Arthropoda","Arachnida","Sarcoptiformes","Acaridae",NA,NA,"Acaridae","Earned - Final",5887,17411,"2024-04-26 07:00:00.0000000","Non-Quarantine","Non-Quarantine","Non-Quarantine",NA,NA
"62","2024-04-25","Begonia glabra - Begonia glabra","Begonia glabra","Airport - Aircraft - Express Carrier - PIS","Indonesia","PIS","CA","Final ID","Mesostigmata","No Phytosanitary Action",1485193,705371,NA,NA,NA,NA,NA,1,NA,NA,NA,NA,42,"Animalia","Arthropoda","Arachnida","Mesostigmata",NA,NA,NA,"Mesostigmata","Earned - Final",5887,17411,"2024-04-26 07:00:00.0000000","Non-Quarantine","Non-Quarantine","Non-Quarantine",NA,NA
"63","2024-04-25","Begonia glabra - Begonia glabra","Begonia glabra","Airport - Aircraft - Express Carrier - PIS","Indonesia","PIS","CA","Final ID","Mesostigmata","No Phytosanitary Action",1485196,705373,NA,NA,NA,NA,NA,1,NA,NA,0,NA,42,"Animalia","Arthropoda","Arachnida","Mesostigmata",NA,NA,NA,"Mesostigmata","Earned - Final",5887,17411,"2024-04-26 07:00:00.0000000","Non-Quarantine","Non-Quarantine","Non-Quarantine",NA,NA
"64","2020-12-14","Begonia elatior (Begoniaceae) - Begonia elatior","Begonia elatior (Begoniaceae)","Airport - Aircraft - Cargo - PIS","Brazil","PIS","GA","Final ID","Drosophila sp. (Drosophilidae)","No Phytosanitary Action",162829,83767,0,NA,NA,NA,NA,1,NA,NA,NA,NA,3117,"Animalia","Arthropoda","Insecta","Diptera","Drosophilidae","Drosophila",NA,"Drosophila","Conferred - Final",5887,17411,"2020-12-14 05:00:00.0000000","Non-Quarantine","Non-Quarantine","Non-Quarantine",NA,NA
"65","2024-04-25","Begonia glabra - Begonia glabra","Begonia glabra","Airport - Aircraft - Express Carrier - PIS","Indonesia","PIS","CA","Final ID","Cunaxidae","No Phytosanitary Action",1485187,705360,NA,NA,NA,NA,NA,1,NA,NA,NA,NA,187,"Animalia","Arthropoda","Arachnida","Trombidiformes","Cunaxidae",NA,NA,"Cunaxidae","Earned - Final",5887,17411,"2024-04-26 07:00:00.0000000","Non-Quarantine","Non-Quarantine","Non-Quarantine",NA,NA
"66","2019-11-20","Begonia sp. - Begonia sp.","Begonia sp.","Airport - Aircraft - Mail - PIS Mail","Thailand","PIS","HI","Final ID","Ophiostoma sp. (Ophiostomataceae)","Phytosanitary Action",216744,107747,NA,NA,NA,NA,NA,NA,NA,NA,NA,NA,10882,"Fungi",NA,"Sordariomycetes","Ophiostomatales","Ophiostomataceae","Ophiostoma",NA,"Ophiostoma","Earned - Final",5887,17411,"2019-11-22 10:45:09.0000000","Quarantine","Quarantine","Quarantine",NA,NA
"67","2025-01-06","Begonia sp. - Begonia sp.","Begonia sp.","Airport - Aircraft - Cargo - PIS","Germany","PIS","GA","Final ID","Sciaridae","No Phytosanitary Action",1662038,786184,3,NA,NA,NA,NA,0,NA,NA,0,NA,3184,"Animalia","Arthropoda","Insecta","Diptera","Sciaridae",NA,NA,"Sciaridae","Conferred - Final",5887,17411,"2025-01-07 05:00:00.0000000","Non-Quarantine","Non-Quarantine","Non-Quarantine",NA,NA
"68","2025-05-14","Begonia sp. - Begonia sp.","Begonia sp.","Airport - Aircraft - Cargo - PIS","Dominican Republic","PIS","FL","Final ID","Anaphothrips obscurus (Müller)  (Thripidae)","No Phytosanitary Action",1756979,827935,NA,NA,NA,NA,NA,NA,NA,NA,1,NA,8148,"Animalia","Arthropoda","Insecta","Thysanoptera","Thripidae","Anaphothrips","obscurus","obscurus","Earned - Final",5887,17412,"2025-05-14 04:00:00.0000000","Uncategorized","Uncategorized","Non-Quarantine",NA,NA
"69","2025-05-14","Begonia sp. - Begonia sp.","Begonia sp.","Airport - Aircraft - Cargo - PIS","Dominican Republic","PIS","FL","Final ID","Succinea sp. (Succineidae)","No Phytosanitary Action",1756629,827933,NA,NA,NA,NA,NA,NA,NA,NA,1,NA,9130,"Animalia","Mollusca","Gastropoda","Stylommatophora","Succineidae","Succinea",NA,"Succinea","Earned - Final",5887,17411,"2025-05-14 04:00:00.0000000","Quarantine","Quarantine","Quarantine",NA,NA
"70","2025-03-07","Begonia darthvaderiana  (Begoniaceae)","Begonia darthvaderiana  (Begoniaceae)","Airport - Aircraft - Express Carrier - PIS","Indonesia","PIS","NY","Final ID","Oribatida","No Phytosanitary Action",1704341,804745,NA,NA,NA,NA,NA,1,NA,NA,NA,NA,39174,"Animalia","Arthropoda","Arachnida","Sarcoptiformes",NA,NA,NA,"Oribatida","Earned - Final",5887,17411,"2025-03-07 05:00:00.0000000","Non-Quarantine","Non-Quarantine","Non-Quarantine",NA,NA
"71","2024-04-04","Begonia atricha  (Begoniaceae)","Begonia atricha  (Begoniaceae)","Airport - Aircraft - Express Carrier - PIS","Indonesia","PIS","CA","Final ID","Oribatida","No Phytosanitary Action",1469088,698043,NA,NA,NA,NA,NA,1,NA,NA,NA,NA,39174,"Animalia","Arthropoda","Arachnida","Sarcoptiformes",NA,NA,NA,"Oribatida","Earned - Final",5887,17411,"2024-04-04 07:00:00.0000000","Non-Quarantine","Non-Quarantine","Non-Quarantine",NA,NA
"72","2024-04-04","Begonia atricha  (Begoniaceae)","Begonia atricha  (Begoniaceae)","Airport - Aircraft - Express Carrier - PIS","Indonesia","PIS","CA","Final ID","Oribatida","No Phytosanitary Action",1469087,698045,NA,NA,NA,NA,NA,1,NA,NA,NA,NA,39174,"Animalia","Arthropoda","Arachnida","Sarcoptiformes",NA,NA,NA,"Oribatida","Earned - Final",5887,17411,"2024-04-04 07:00:00.0000000","Non-Quarantine","Non-Quarantine","Non-Quarantine",NA,NA
"73","2020-11-23","Begonia sp. - Begonia sp.","Begonia sp.","Airport - Aircraft - Express Carrier - PIS","Indonesia","PIS","CA","Final ID","Pronematinae","No Phytosanitary Action",153532,79664,NA,NA,NA,NA,NA,2,NA,NA,NA,NA,66023,"Animalia","Arthropoda","Arachnida","Trombidiformes","Tydeidae",NA,NA,"Pronematinae","Earned - Final",5887,17412,"2020-11-23 06:00:00.0000000","Uncategorized","Uncategorized","Uncategorized",NA,NA
"74","2020-11-23","Begonia sp. - Begonia sp.","Begonia sp.","Airport - Aircraft - Express Carrier - PIS","Indonesia","PIS","CA","Final ID","Tenuipalpus sp. (Tenuipalpidae)","Phytosanitary Action",153536,79663,NA,NA,NA,NA,NA,2,NA,NA,NA,NA,283,"Animalia","Arthropoda","Arachnida","Trombidiformes","Tenuipalpidae","Tenuipalpus",NA,"Tenuipalpus","Earned - Final",5887,17412,"2020-11-24 06:00:00.0000000","Quarantine","Quarantine","Quarantine",NA,NA
"75","2019-06-26","Begonia sp. - Begonia sp.","Begonia sp.","Airport - Aircraft - Cargo - PIS","Thailand","PIS","FL","Final ID","Pupisoma sp. (Valloniidae)","No Phytosanitary Action",291831,141151,NA,NA,NA,1,NA,1,NA,NA,NA,NA,9403,"Animalia","Mollusca","Gastropoda","Stylommatophora","Valloniidae","Pupisoma",NA,"Pupisoma","Earned - Final",5887,17412,"2019-06-27 10:24:54.0000000","Non-Quarantine","Non-Quarantine","Non-Quarantine",NA,NA
"76","2019-06-26","Begonia sp. - Begonia sp.","Begonia sp.","Airport - Aircraft - Cargo - PIS","Thailand","PIS","FL","Final ID","Allopeas micra (d'Orbigny)  (Achatinidae)","No Phytosanitary Action",291838,141153,NA,NA,NA,1,NA,NA,NA,NA,NA,NA,8654,"Animalia","Mollusca","Gastropoda","Stylommatophora","Achatinidae","Allopeas","micra","micra","Earned - Final",5887,17412,"2019-06-27 10:23:57.0000000","Uncategorized","Uncategorized","Non-Quarantine",NA,NA
"77","2018-08-20","Begonia sp. - Begonia sp.","Begonia sp.","Airport - Aircraft - Cargo - PIS","Thailand","PIS","FL","Final ID","Bacteria","Phytosanitary Action",424900,200968,NA,NA,NA,NA,NA,NA,NA,NA,NA,NA,9690,"Bacteria",NA,NA,NA,NA,NA,NA,"Bacteria","Earned - Final",5887,17411,"2018-08-20 13:49:28.0000000","Quarantine","Quarantine","Quarantine",NA,NA
"78","2021-10-04","Begonia sp. - Begonia sp.","Begonia sp.","Airport - Aircraft - Cargo - PIS","Netherlands","PIS","CA","Final ID","Pseudococcidae","Phytosanitary Action",841371,394274,NA,NA,NA,NA,NA,NA,NA,NA,1,NA,6039,"Animalia","Arthropoda","Insecta","Hemiptera","Pseudococcidae",NA,NA,"Pseudococcidae","Earned - Final",5887,17411,"2021-10-04 07:00:00.0000000","Quarantine","Quarantine","Quarantine",NA,NA
"79","2025-10-16","Begonia sp. - Begonia sp.","Begonia sp.","Airport - Aircraft - Cargo - PIS","Netherlands","PIS","FL","Final ID","Pseudococcidae","Phytosanitary Action",1871365,879623,NA,NA,NA,NA,NA,NA,NA,NA,3,NA,6039,"Animalia","Arthropoda","Insecta","Hemiptera","Pseudococcidae",NA,NA,"Pseudococcidae","Earned - Final",5887,17411,"2025-10-16 04:00:00.0000000","Quarantine","Quarantine","Quarantine",NA,NA
"80","2024-10-07","Begonia rex - Begonia rex","Begonia rex","Airport - Aircraft - Cargo - PIS","Netherlands","PIS","FL","Final ID","Pseudococcidae","Phytosanitary Action",1603247,759197,NA,NA,NA,NA,NA,NA,NA,NA,1,NA,6039,"Animalia","Arthropoda","Insecta","Hemiptera","Pseudococcidae",NA,NA,"Pseudococcidae","Earned - Final",5887,17411,"2024-10-08 04:00:00.0000000","Quarantine","Quarantine","Quarantine",NA,NA
"81","2024-10-07","Begonia rex - Begonia rex","Begonia rex","Airport - Aircraft - Cargo - PIS","Netherlands","PIS","FL","Final ID","Lepidoptera","Phytosanitary Action",1603585,759198,NA,NA,NA,NA,NA,NA,NA,1,NA,NA,6776,"Animalia","Arthropoda","Insecta","Lepidoptera",NA,NA,NA,"Lepidoptera","Earned - Final",5887,17412,"2024-10-08 04:00:00.0000000","Quarantine","Quarantine","Quarantine",NA,NA
"82","2024-10-07","Begonia rex - Begonia rex","Begonia rex","Airport - Aircraft - Cargo - PIS","Netherlands","PIS","FL","Final ID","Insecta","No Phytosanitary Action",1603272,759195,NA,NA,NA,NA,NA,NA,NA,1,NA,NA,364,"Animalia","Arthropoda","Insecta",NA,NA,NA,NA,"Insecta","Conferred - Final",5887,17411,"2024-10-08 04:00:00.0000000","Quarantine","Quarantine","Quarantine",NA,NA
"83","2025-01-06","Begonia sp. - Begonia sp.","Begonia sp.","Airport - Aircraft - Cargo - PIS","El Salvador","PIS","CA","Final ID","Mymaridae","No Phytosanitary Action",1661819,786067,NA,NA,NA,NA,NA,1,NA,NA,NA,NA,6412,"Animalia","Arthropoda","Insecta","Hymenoptera","Mymaridae",NA,NA,"Mymaridae","Conferred - Final",5887,17411,"2025-01-06 08:00:00.0000000","Non-Quarantine","Non-Quarantine","Non-Quarantine",NA,NA
"84","2025-10-14","Begonia elatior (Begoniaceae) - Begonia elatior","Begonia elatior (Begoniaceae)","Airport - Aircraft - Cargo - PIS","Portugal","PIS","GA","Final ID","Frankliniella occidentalis (Pergande)  (Thripidae)","No Phytosanitary Action",1870480,879030,NA,NA,NA,NA,NA,1,NA,NA,0,NA,8135,"Animalia","Arthropoda","Insecta","Thysanoptera","Thripidae","Frankliniella","occidentalis","occidentalis","Earned - Final",5887,17411,"2025-10-15 04:00:00.0000000","Non-Quarantine","Non-Quarantine","Non-Quarantine",NA,NA
"85","2025-10-14","Begonia elatior (Begoniaceae) - Begonia elatior","Begonia elatior (Begoniaceae)","Airport - Aircraft - Cargo - PIS","Portugal","PIS","GA","Final ID","Scatella sp. (Ephydridae)","No Phytosanitary Action",1870465,879031,NA,NA,NA,NA,NA,2,NA,NA,NA,NA,3127,"Animalia","Arthropoda","Insecta","Diptera","Ephydridae","Scatella",NA,"Scatella","Earned - Final",5887,17412,"2025-10-15 04:00:00.0000000","Non-Quarantine","Non-Quarantine","Non-Quarantine",NA,NA
"86","2020-02-24","Begonia sp. - Begonia sp.","Begonia sp.","Airport - Aircraft - Express Carrier - PIS","Indonesia","PIS","HI","Final ID","Oribatida","No Phytosanitary Action",177878,90483,NA,NA,NA,NA,NA,1,NA,NA,NA,NA,39174,"Animalia","Arthropoda","Arachnida","Sarcoptiformes",NA,NA,NA,"Oribatida","Earned - Final",5887,17411,"2020-02-24 10:00:00.0000000","Non-Quarantine","Non-Quarantine","Non-Quarantine",NA,NA
"87","2020-02-24","Begonia sp. - Begonia sp.","Begonia sp.","Airport - Aircraft - Express Carrier - PIS","Indonesia","PIS","HI","Final ID","Coccidae","Phytosanitary Action",177874,90481,NA,NA,NA,NA,NA,1,NA,NA,NA,NA,5561,"Animalia","Arthropoda","Insecta","Hemiptera","Coccidae",NA,NA,"Coccidae","Earned - Final",5887,17412,"2020-02-25 05:00:00.0000000","Quarantine","Quarantine","Quarantine",NA,NA
"88","2020-02-24","Begonia sp. - Begonia sp.","Begonia sp.","Airport - Aircraft - Express Carrier - PIS","Indonesia","PIS","HI","Final ID","Acariformes","Phytosanitary Action",177885,90486,NA,NA,NA,6,NA,3,NA,3,6,NA,33999,"Animalia","Arthropoda","Arachnida",NA,NA,NA,NA,"Acariformes","Earned - Final",5887,17412,"2020-02-25 05:00:00.0000000","Uncategorized","Uncategorized","Uncategorized",NA,NA
"89","2020-02-24","Begonia sp. - Begonia sp.","Begonia sp.","Airport - Aircraft - Express Carrier - PIS","Indonesia","PIS","HI","Final ID","Helicotylenchus dihystera (Cobb) Sher (Hoplolaimidae)","No Phytosanitary Action",177858,90475,NA,NA,NA,NA,NA,17,NA,NA,3,NA,9560,"Animalia","Nematoda","Chromadorea","Rhabditida","Hoplolaimidae","Helicotylenchus","dihystera","dihystera","Earned - Final",5887,17412,"2020-02-28 05:00:00.0000000","Uncategorized","Uncategorized","Non-Quarantine",NA,NA
"90","2020-02-24","Begonia sp. - Begonia sp.","Begonia sp.","Airport - Aircraft - Express Carrier - PIS","Indonesia","PIS","HI","Final ID","Rhizoctonia sp. (Ceratobasidiaceae)","No Phytosanitary Action",177863,90477,NA,NA,NA,NA,NA,NA,NA,NA,NA,NA,11021,"Fungi",NA,"Agaricomycetes","Cantharellales","Ceratobasidiaceae","Rhizoctonia",NA,"Rhizoctonia","Earned - Final",5887,17412,"2020-02-25 05:00:00.0000000","Non-Quarantine","Non-Quarantine","Non-Quarantine",NA,NA
"91","2020-02-24","Begonia sp. - Begonia sp.","Begonia sp.","Airport - Aircraft - Express Carrier - PIS","Indonesia","PIS","HI","Final ID","Collembola","No Phytosanitary Action",177887,90487,NA,NA,NA,NA,NA,4,NA,NA,NA,NA,341,"Animalia","Arthropoda","Collembola",NA,NA,NA,NA,"Collembola","Earned - Final",5887,17411,"2020-02-24 10:00:00.0000000","Non-Quarantine","Non-Quarantine","Non-Quarantine",NA,NA
"92","2020-06-03","Begonia sp. - Begonia sp.","Begonia sp.","Airport - Aircraft - Cargo - PIS","Hong Kong","PIS","CA","Final ID","Echinothrips americanus Morgan  (Thripidae)","No Phytosanitary Action",89798,50438,NA,NA,NA,NA,NA,NA,NA,NA,1,NA,8199,"Animalia","Arthropoda","Insecta","Thysanoptera","Thripidae","Echinothrips","americanus","americanus","Earned - Final",5887,17412,"2020-06-09 04:00:00.0000000","Non-Quarantine","Non-Quarantine","Non-Quarantine",NA,NA
"93","2020-07-09","Begonia sp. - Begonia sp.","Begonia sp.","Airport - Aircraft - Cargo - PIS","Netherlands","PIS","CA","Final ID","Duponchelia fovealis Zeller (Crambidae)","No Phytosanitary Action",76908,44708,NA,NA,NA,NA,NA,NA,NA,NA,1,NA,7470,"Animalia","Arthropoda","Insecta","Lepidoptera","Crambidae","Duponchelia","fovealis","fovealis","Earned - Final",5887,17412,"2020-07-10 04:00:00.0000000","Quarantine","Quarantine","Non-Quarantine",NA,NA
"94","2024-09-16","Begonia maculata - Begonia maculata","Begonia maculata","Airport - Aircraft - Cargo - PIS","Netherlands","PIS","FL","Final ID","Neuroptera","No Phytosanitary Action",1589064,752973,NA,NA,NA,NA,NA,NA,NA,10,NA,NA,7784,"Animalia","Arthropoda","Insecta","Neuroptera",NA,NA,NA,"Neuroptera","Earned - Final",5887,17412,"2024-09-16 04:00:00.0000000","Non-Quarantine","Non-Quarantine","Non-Quarantine",NA,NA
"95","2021-09-20","Begonia eliator  (Begoniaceae)","Begonia eliator  (Begoniaceae)","Airport - Aircraft - Cargo - PIS","Portugal","PIS","GA","Final ID","Ephydridae","No Phytosanitary Action",830803,389445,NA,NA,NA,NA,NA,2,NA,NA,NA,NA,3126,"Animalia","Arthropoda","Insecta","Diptera","Ephydridae",NA,NA,"Ephydridae","Earned - Final",5887,17412,"2021-09-20 04:00:00.0000000","Quarantine","Quarantine","Quarantine",NA,NA
"96","2025-01-27","Begonia sp. - Begonia sp.","Begonia sp.","Airport - Aircraft - Cargo - PIS","El Salvador","PIS","CA","Final ID","Tarsonemus sp. (Tarsonemidae)","No Phytosanitary Action",1674799,791726,NA,NA,NA,NA,NA,1,NA,NA,NA,NA,254,"Animalia","Arthropoda","Arachnida","Trombidiformes","Tarsonemidae","Tarsonemus",NA,"Tarsonemus","Earned - Final",5887,17412,"2025-01-28 05:00:00.0000000","Quarantine","Quarantine","Quarantine",NA,NA
"97","2023-11-27","Begonia elatior (Begoniaceae) - Begonia elatior","Begonia elatior (Begoniaceae)","Airport - Aircraft - Cargo - PIS","Portugal","PIS","GA","Final ID","Diptera","No Phytosanitary Action",1359851,636728,NA,NA,NA,NA,NA,1,NA,NA,NA,NA,2999,"Animalia","Arthropoda","Insecta","Diptera",NA,NA,NA,"Diptera","Earned - Final",5887,17412,"2023-11-28 05:00:00.0000000","Quarantine","Quarantine","Quarantine",NA,NA
"98","2023-02-10","Begonia sp. - Begonia sp.","Begonia sp.","Airport - Aircraft - Express Carrier - PIS","Indonesia","PIS","CA","Final ID","Acaridae","No Phytosanitary Action",1169935,548625,NA,NA,NA,NA,NA,1,NA,NA,NA,NA,111,"Animalia","Arthropoda","Arachnida","Sarcoptiformes","Acaridae",NA,NA,"Acaridae","Conferred - Final",5887,17411,"2023-02-13 08:00:00.0000000","Non-Quarantine","Non-Quarantine","Non-Quarantine",NA,NA
"99","2024-04-04","Begonia daunhitam  (Begoniaceae)","Begonia daunhitam  (Begoniaceae)","Airport - Aircraft - Express Carrier - PIS","Indonesia","PIS","CA","Final ID","Oribatida","No Phytosanitary Action",1469088,698043,NA,NA,NA,NA,NA,1,NA,NA,NA,NA,39174,"Animalia","Arthropoda","Arachnida","Sarcoptiformes",NA,NA,NA,"Oribatida","Earned - Final",5887,17411,"2024-04-04 07:00:00.0000000","Non-Quarantine","Non-Quarantine","Non-Quarantine",NA,NA
"100","2023-10-02","Begonia rex - Begonia rex","Begonia rex","Airport - Aircraft - Cargo - PIS","Netherlands","PIS","GA","Final ID","Staphylinidae","No Phytosanitary Action",1324261,620125,NA,NA,NA,NA,NA,NA,NA,NA,1,NA,2985,"Animalia","Arthropoda","Insecta","Coleoptera","Staphylinidae",NA,NA,"Staphylinidae","Conferred - Final",5887,17411,"2023-10-03 04:00:00.0000000","Non-Quarantine","Non-Quarantine","Non-Quarantine",NA,NA
"101","2025-09-29","Begonia rex - Begonia rex","Begonia rex","Airport - Aircraft - Cargo - PIS","Netherlands","PIS","FL","Final ID","Zonitoides arboreus (Say) (Gastrodontidae)","No Phytosanitary Action",1861591,874515,NA,NA,NA,NA,NA,1,NA,NA,NA,NA,9174,"Animalia","Mollusca","Gastropoda","Stylommatophora","Gastrodontidae","Zonitoides","arboreus","arboreus","Earned - Final",5887,17412,"2025-10-01 04:00:00.0000000","Non-Quarantine","Non-Quarantine","Non-Quarantine",NA,NA
"102","2024-04-04","Begonia daunhitam  (Begoniaceae)","Begonia daunhitam  (Begoniaceae)","Airport - Aircraft - Express Carrier - PIS","Indonesia","PIS","CA","Final ID","Oribatida","No Phytosanitary Action",1469087,698045,NA,NA,NA,NA,NA,1,NA,NA,NA,NA,39174,"Animalia","Arthropoda","Arachnida","Sarcoptiformes",NA,NA,NA,"Oribatida","Earned - Final",5887,17411,"2024-04-04 07:00:00.0000000","Non-Quarantine","Non-Quarantine","Non-Quarantine",NA,NA
"103","2022-02-05","Begonia sp. - Begonia sp.","Begonia sp.","Airport - Aircraft - Cargo - PIS","El Salvador","PIS","GA","Final ID","Spodoptera exigua (Hübner) (Noctuidae)","No Phytosanitary Action",921544,433057,NA,NA,NA,NA,NA,NA,NA,NA,2,NA,7304,"Animalia","Arthropoda","Insecta","Lepidoptera","Noctuidae","Spodoptera","exigua","exigua","Earned - Final",5887,17411,"2022-02-05 05:00:00.0000000","Non-Quarantine","Non-Quarantine","Non-Quarantine",NA,NA
"104","2017-04-17","Begonia elatior (Begoniaceae) - Begonia elatior","Begonia elatior (Begoniaceae)","Airport - Aircraft - Cargo - PIS","Brazil","PIS","GA","Final ID","Bemisia sp. (Aleyrodidae)","No Phytosanitary Action",624668,290339,NA,NA,NA,NA,NA,1,NA,NA,1,NA,5229,"Animalia","Arthropoda","Insecta","Hemiptera","Aleyrodidae","Bemisia",NA,"Bemisia","Earned - Final",5887,17412,"2017-04-18 00:00:00.0000000","Quarantine","Quarantine","Quarantine",NA,NA
"105","2024-10-02","Begonia maculata - Begonia maculata","Begonia maculata","Airport - Aircraft - Cargo - PIS","Netherlands","PIS","FL","Final ID","Aphididae","Phytosanitary Action",1599565,757793,NA,NA,NA,NA,NA,NA,NA,NA,3,NA,5321,"Animalia","Arthropoda","Insecta","Hemiptera","Aphididae",NA,NA,"Aphididae","Earned - Final",5887,17411,"2024-10-02 04:00:00.0000000","Quarantine","Quarantine","Quarantine",NA,NA
"106","2022-02-05","Begonia sp. - Begonia sp.","Begonia sp.","Airport - Aircraft - Cargo - PIS","El Salvador","PIS","GA","Final ID","Spodoptera exigua (Hübner) (Noctuidae)","No Phytosanitary Action",921544,433057,NA,NA,NA,NA,NA,NA,NA,NA,2,NA,7304,"Animalia","Arthropoda","Insecta","Lepidoptera","Noctuidae","Spodoptera","exigua","exigua","Earned - Final",5887,17411,"2022-02-05 05:00:00.0000000","Non-Quarantine","Non-Quarantine","Non-Quarantine",NA,NA
"107","2024-04-04","Begonia atricha  (Begoniaceae)","Begonia atricha  (Begoniaceae)","Airport - Aircraft - Express Carrier - PIS","Indonesia","PIS","CA","Final ID","Oribatida","No Phytosanitary Action",1469088,698043,NA,NA,NA,NA,NA,1,NA,NA,NA,NA,39174,"Animalia","Arthropoda","Arachnida","Sarcoptiformes",NA,NA,NA,"Oribatida","Earned - Final",5887,17411,"2024-04-04 07:00:00.0000000","Non-Quarantine","Non-Quarantine","Non-Quarantine",NA,NA
"108","2024-04-04","Begonia atricha  (Begoniaceae)","Begonia atricha  (Begoniaceae)","Airport - Aircraft - Express Carrier - PIS","Indonesia","PIS","CA","Final ID","Oribatida","No Phytosanitary Action",1469087,698045,NA,NA,NA,NA,NA,1,NA,NA,NA,NA,39174,"Animalia","Arthropoda","Arachnida","Sarcoptiformes",NA,NA,NA,"Oribatida","Earned - Final",5887,17411,"2024-04-04 07:00:00.0000000","Non-Quarantine","Non-Quarantine","Non-Quarantine",NA,NA
"109","2019-11-20","Begonia sp. - Begonia sp.","Begonia sp.","Airport - Aircraft - Mail - PIS Mail","Guam","PIS","HI","Final ID","Nematoda","No Phytosanitary Action",216888,107809,NA,NA,NA,NA,NA,468,NA,NA,NA,NA,9488,"Animalia","Nematoda",NA,NA,NA,NA,NA,"Nematoda","Earned - Final",5887,17411,"2019-11-21 09:40:20.0000000","Quarantine","Quarantine","Quarantine",NA,NA
"110","2019-11-20","Begonia sp. - Begonia sp.","Begonia sp.","Airport - Aircraft - Mail - PIS Mail","Guam","PIS","HI","Final ID","Meloidogyne javanica (Treub) Chitwood (Meloidogynidae)","No Phytosanitary Action",216879,107805,NA,NA,NA,NA,NA,4,NA,NA,10,NA,9587,"Animalia","Nematoda","Chromadorea","Rhabditida","Meloidogynidae","Meloidogyne","javanica","javanica","Earned - Final",5887,17412,"2019-11-26 09:58:00.0000000","Non-Quarantine","Non-Quarantine","Non-Quarantine",NA,NA
"111","2025-08-04","Begonia sp. - Begonia sp.","Begonia sp.","Airport - Aircraft - Cargo - PIS","Portugal","PIS","GA","Final ID","Scatella sp. (Ephydridae)","No Phytosanitary Action",1819274,855991,NA,NA,NA,NA,NA,3,NA,NA,NA,NA,3127,"Animalia","Arthropoda","Insecta","Diptera","Ephydridae","Scatella",NA,"Scatella","Earned - Final",5887,17412,"2025-08-04 04:00:00.0000000","Non-Quarantine","Non-Quarantine","Non-Quarantine",NA,NA
"112","2024-04-04","Begonia sp. - Begonia sp.","Begonia sp.","Airport - Aircraft - Express Carrier - PIS","Indonesia","PIS","CA","Final ID","Oribatida","No Phytosanitary Action",1469088,698043,NA,NA,NA,NA,NA,1,NA,NA,NA,NA,39174,"Animalia","Arthropoda","Arachnida","Sarcoptiformes",NA,NA,NA,"Oribatida","Earned - Final",5887,17411,"2024-04-04 07:00:00.0000000","Non-Quarantine","Non-Quarantine","Non-Quarantine",NA,NA
"113","2024-04-04","Begonia sp. - Begonia sp.","Begonia sp.","Airport - Aircraft - Express Carrier - PIS","Indonesia","PIS","CA","Final ID","Oribatida","No Phytosanitary Action",1469087,698045,NA,NA,NA,NA,NA,1,NA,NA,NA,NA,39174,"Animalia","Arthropoda","Arachnida","Sarcoptiformes",NA,NA,NA,"Oribatida","Earned - Final",5887,17411,"2024-04-04 07:00:00.0000000","Non-Quarantine","Non-Quarantine","Non-Quarantine",NA,NA
"114","2021-03-03","Begonia elatior (Begoniaceae) - Begonia elatior","Begonia elatior (Begoniaceae)","Airport - Aircraft - Cargo - PIS","Uganda","PIS","GA","Final ID","Lagria villosa Fabricius  (Tenebrionidae)","Phytosanitary Action",688244,318828,NA,NA,NA,NA,NA,1,NA,NA,NA,NA,2355,"Animalia","Arthropoda","Insecta","Coleoptera","Tenebrionidae","Lagria","villosa","villosa","Earned - Final",5887,17412,"2021-03-04 05:00:00.0000000","Uncategorized","Uncategorized","Quarantine",NA,NA
"115","2022-12-28","Begonia sp. - Begonia sp.","Begonia sp.","Airport - Aircraft - Cargo - PIS","El Salvador","PIS","CA","Final ID","Psocoptera","No Phytosanitary Action",1140466,535260,NA,NA,NA,NA,NA,NA,NA,NA,1,NA,7992,"Animalia","Arthropoda","Insecta","Psocoptera",NA,NA,NA,"Psocoptera","Earned - Final",5887,17411,"2022-12-28 08:00:00.0000000","Non-Quarantine","Non-Quarantine","Non-Quarantine",NA,NA
"116","2022-09-23","Begonia sp. - Begonia sp.","Begonia sp.","Airport - Aircraft - Express Carrier - PIS","Indonesia","PIS","HI","Final ID","Bacteria","Phytosanitary Action",1082310,507591,NA,NA,NA,NA,NA,NA,NA,NA,NA,NA,9690,"Bacteria",NA,NA,NA,NA,NA,NA,"Bacteria","Earned - Final",5887,17412,"2022-09-27 04:00:00.0000000","Quarantine","Quarantine","Quarantine",NA,NA
"117","2021-10-29","Begonia sp. - Begonia sp.","Begonia sp.","Airport - Aircraft - Express Carrier - PIS","Hong Kong","PIS","WA","Final ID","Tetranychidae","Phytosanitary Action",858521,402275,NA,NA,NA,NA,NA,NA,NA,3,NA,NA,288,"Animalia","Arthropoda","Arachnida","Trombidiformes","Tetranychidae",NA,NA,"Tetranychidae","Earned - Final",5887,17412,"2021-10-29 04:00:00.0000000","Quarantine","Quarantine","Quarantine",NA,NA
"118","2023-06-02","Begonia sp. - Begonia sp.","Begonia sp.","Airport - Aircraft - Express Carrier - PIS","Indonesia","PIS","CA","Final ID","Pseudococcidae","Phytosanitary Action",1241578,582440,NA,NA,NA,NA,NA,NA,NA,NA,1,NA,6039,"Animalia","Arthropoda","Insecta","Hemiptera","Pseudococcidae",NA,NA,"Pseudococcidae","Earned - Final",5887,17411,"2023-06-02 07:00:00.0000000","Quarantine","Quarantine","Quarantine",NA,NA
"119","2016-09-07","Begonia sp. - Begonia sp.","Begonia sp.","Airport - Aircraft - Cargo - PIS","Thailand","PIS","FL","Final ID","Spodoptera exigua (Hübner) (Noctuidae)","No Phytosanitary Action",679013,314866,0,0,0,0,0,0,0,0,1,0,7304,"Animalia","Arthropoda","Insecta","Lepidoptera","Noctuidae","Spodoptera","exigua","exigua","Earned - Final",5887,17411,"2016-09-08 00:00:00.0000000","Non-Quarantine","Non-Quarantine","Non-Quarantine",NA,NA
"120","2024-02-13","Begonia rex - Begonia rex","Begonia rex","Airport - Aircraft - Cargo - PIS","Netherlands","PIS","FL","Final ID","Thripidae","Phytosanitary Action",1429574,679651,NA,NA,NA,NA,NA,NA,NA,NA,NA,1,8105,"Animalia","Arthropoda","Insecta","Thysanoptera","Thripidae",NA,NA,"Thripidae","Earned - Final",5887,17411,"2024-02-13 05:00:00.0000000","Quarantine","Quarantine","Quarantine",NA,NA
"121","2021-07-07","Begonia maculata - Begonia maculata","Begonia maculata","Airport - Aircraft - Cargo - PIS","Dominican Republic","PIS","FL","Final ID","Acari","Phytosanitary Action",771268,359699,NA,NA,NA,NA,NA,NA,NA,NA,2,NA,33997,"Animalia","Arthropoda","Arachnida",NA,NA,NA,NA,"Acari","Earned - Final",5887,17411,"2021-07-07 04:00:00.0000000","Quarantine","Quarantine","Quarantine",NA,NA
"122","2024-05-29","Begonia atricha  (Begoniaceae)","Begonia atricha  (Begoniaceae)","Airport - Aircraft - Express Carrier - PIS","Indonesia","PIS","CA","Final ID","Acaridae","No Phytosanitary Action",1512144,718387,NA,NA,NA,NA,NA,1,NA,NA,NA,NA,111,"Animalia","Arthropoda","Arachnida","Sarcoptiformes","Acaridae",NA,NA,"Acaridae","Earned - Final",5887,17411,"2024-05-31 07:00:00.0000000","Non-Quarantine","Non-Quarantine","Non-Quarantine",NA,NA
"123","2024-05-29","Begonia atricha  (Begoniaceae)","Begonia atricha  (Begoniaceae)","Airport - Aircraft - Express Carrier - PIS","Indonesia","PIS","CA","Final ID","Acaridae","No Phytosanitary Action",1512145,718388,NA,NA,NA,NA,NA,NA,NA,1,NA,NA,111,"Animalia","Arthropoda","Arachnida","Sarcoptiformes","Acaridae",NA,NA,"Acaridae","Earned - Final",5887,17411,"2024-05-31 07:00:00.0000000","Non-Quarantine","Non-Quarantine","Non-Quarantine",NA,NA
"124","2022-01-31","Begonia sp. - Begonia sp.","Begonia sp.","Airport - Aircraft - Cargo - PIS","El Salvador","PIS","GA","Final ID","Cryptophilus sp. (Erotylidae)","No Phytosanitary Action",919881,432300,NA,NA,NA,NA,NA,1,NA,NA,NA,NA,2857,"Animalia","Arthropoda","Insecta","Coleoptera","Erotylidae","Cryptophilus",NA,"Cryptophilus","Conferred - Final",5887,17411,"2022-02-03 05:00:00.0000000","Non-Quarantine","Non-Quarantine","Non-Quarantine",NA,NA
"125","2017-07-10","Begonia sp. - Begonia sp.","Begonia sp.","Airport - Aircraft - Cargo - PIS","Netherlands","PIS","FL","Final ID","Pseudococcidae","Phytosanitary Action",586159,273202,0,NA,NA,NA,NA,0,NA,NA,5,NA,6039,"Animalia","Arthropoda","Insecta","Hemiptera","Pseudococcidae",NA,NA,"Pseudococcidae","Earned - Final",5887,17411,"2017-07-11 00:00:00.0000000","Quarantine","Quarantine","Quarantine",NA,NA
"126","2025-01-14","Begonia sp. - Begonia sp.","Begonia sp.","Airport - Aircraft - Cargo - PIS","Thailand","PIS","FL","Final ID","Staphylinidae","No Phytosanitary Action",1666928,788302,NA,NA,NA,NA,NA,1,NA,NA,NA,NA,2985,"Animalia","Arthropoda","Insecta","Coleoptera","Staphylinidae",NA,NA,"Staphylinidae","Earned - Final",5887,17412,"2025-01-15 05:00:00.0000000","Non-Quarantine","Non-Quarantine","Non-Quarantine",NA,NA
"127","2025-03-07","Begonia sp. - Begonia sp.","Begonia sp.","Airport - Aircraft - Express Carrier - PIS","Indonesia","PIS","NY","Final ID","Oribatida","No Phytosanitary Action",1704341,804745,NA,NA,NA,NA,NA,1,NA,NA,NA,NA,39174,"Animalia","Arthropoda","Arachnida","Sarcoptiformes",NA,NA,NA,"Oribatida","Earned - Final",5887,17411,"2025-03-07 05:00:00.0000000","Non-Quarantine","Non-Quarantine","Non-Quarantine",NA,NA
"128","2025-01-17","Begonia vankerckhovenii  (Begoniaceae)","Begonia vankerckhovenii  (Begoniaceae)","Airport - Aircraft - Cargo - PIS","India","PIS","CA","Final ID","Histiostomatidae","No Phytosanitary Action",1668695,789167,NA,NA,NA,NA,NA,1,NA,NA,NA,NA,146,"Animalia","Arthropoda","Arachnida","Sarcoptiformes","Histiostomatidae",NA,NA,"Histiostomatidae","Earned - Final",5887,17411,"2025-01-17 08:00:00.0000000","Non-Quarantine","Non-Quarantine","Non-Quarantine",NA,NA
"129","2025-02-26","Begonia sp. - Begonia sp.","Begonia sp.","Airport - Aircraft - Cargo - PIS","El Salvador","PIS","CA","Final ID","Eriophyidae","Phytosanitary Action",1698252,802060,NA,NA,NA,NA,NA,1,NA,NA,NA,NA,191,"Animalia","Arthropoda","Arachnida","Trombidiformes","Eriophyidae",NA,NA,"Eriophyidae","Earned - Final",5887,17412,"2025-02-26 05:00:00.0000000","Quarantine","Quarantine","Quarantine",NA,NA
"130","2025-02-26","Begonia sp. - Begonia sp.","Begonia sp.","Airport - Aircraft - Cargo - PIS","El Salvador","PIS","CA","Final ID","Oxalis sp. (Oxalidaceae)","No Phytosanitary Action",1698255,802061,NA,NA,NA,NA,NA,NA,NA,NA,NA,NA,29272,"Plantae",NA,"Magnoliopsida","Oxalidales","Oxalidaceae","Oxalis",NA,"Oxalis","Conferred - Final",5887,17411,"2025-02-27 08:00:00.0000000","Non-Quarantine","Non-Quarantine","Non-Quarantine",NA,NA
"131","2020-02-24","Begonia elatior (Begoniaceae) - Begonia elatior","Begonia elatior (Begoniaceae)","Airport - Aircraft - Cargo - PIS","Brazil","PIS","GA","Final ID","Trichopria sp. (Diapriidae)","No Phytosanitary Action",175200,89281,NA,NA,NA,NA,NA,1,NA,NA,NA,NA,6719,"Animalia","Arthropoda","Insecta","Hymenoptera","Diapriidae","Trichopria",NA,"Trichopria","Earned - Final",5887,17412,"2020-02-24 05:00:00.0000000","Non-Quarantine","Non-Quarantine","Non-Quarantine",NA,NA
"132","2021-07-06","Begonia boliviensis - Begonia boliviensis","Begonia boliviensis","Airport - Aircraft - Cargo - PIS","Netherlands","PIS","NJ","Final ID","Bdellidae","No Phytosanitary Action",773334,359373,NA,NA,NA,NA,NA,1,NA,NA,NA,NA,171,"Animalia","Arthropoda","Arachnida","Trombidiformes","Bdellidae",NA,NA,"Bdellidae","Earned - Final",5887,17411,"2021-07-09 04:00:00.0000000","Non-Quarantine","Non-Quarantine","Non-Quarantine",NA,NA
"133","2025-01-05","Begonia elatior (Begoniaceae) - Begonia elatior","Begonia elatior (Begoniaceae)","Airport - Aircraft - Cargo - PIS","Portugal","PIS","GA","Final ID","Macrocheles sp. (Macrochelidae)","No Phytosanitary Action",1661341,785779,1,NA,NA,0,NA,NA,NA,NA,0,NA,71,"Animalia","Arthropoda","Arachnida","Mesostigmata","Macrochelidae","Macrocheles",NA,"Macrocheles","Earned - Final",5887,17412,"2025-01-06 05:00:00.0000000","Non-Quarantine","Non-Quarantine","Non-Quarantine",NA,NA
"134","2023-09-05","Begonia rex - Begonia rex","Begonia rex","Airport - Aircraft - Cargo - PIS","Netherlands","PIS","GA","Final ID","Aulacorthum solani (Kaltenbach)  (Aphididae)","No Phytosanitary Action",1305372,611425,NA,NA,NA,NA,NA,4,NA,NA,NA,NA,5357,"Animalia","Arthropoda","Insecta","Hemiptera","Aphididae","Aulacorthum","solani","solani","Earned - Final",5887,17412,"2023-09-05 04:00:00.0000000","Non-Quarantine","Non-Quarantine","Non-Quarantine",NA,NA
"135","2019-11-25","Begonia elatior (Begoniaceae) - Begonia elatior","Begonia elatior (Begoniaceae)","Airport - Aircraft - Cargo - PIS","Brazil","PIS","GA","Final ID","Lagria sp. (Tenebrionidae)","Phytosanitary Action",214760,106878,NA,NA,NA,NA,NA,1,NA,NA,NA,NA,2354,"Animalia","Arthropoda","Insecta","Coleoptera","Tenebrionidae","Lagria",NA,"Lagria","Earned - Final",5887,17412,"2019-11-25 12:32:35.0000000","Quarantine","Quarantine","Quarantine",NA,NA
"136","2023-02-13","Begonia sp. - Begonia sp.","Begonia sp.","Airport - Aircraft - Cargo - PIS","Philippines","PIS","CA","Final ID","Tarsonemus sp. (Tarsonemidae)","No Phytosanitary Action",1172777,550313,NA,NA,NA,NA,NA,1,NA,NA,NA,NA,254,"Animalia","Arthropoda","Arachnida","Trombidiformes","Tarsonemidae","Tarsonemus",NA,"Tarsonemus","Earned - Final",5887,17411,"2023-02-16 08:00:00.0000000","Quarantine","Quarantine","Quarantine",NA,NA
"137","2023-02-13","Begonia sp. - Begonia sp.","Begonia sp.","Airport - Aircraft - Cargo - PIS","Philippines","PIS","CA","Final ID","Tarsonemus sp. (Tarsonemidae)","No Phytosanitary Action",1172778,550312,NA,NA,NA,NA,NA,1,NA,NA,NA,NA,254,"Animalia","Arthropoda","Arachnida","Trombidiformes","Tarsonemidae","Tarsonemus",NA,"Tarsonemus","Earned - Final",5887,17411,"2023-02-16 08:00:00.0000000","Quarantine","Quarantine","Quarantine",NA,NA
"138","2023-02-13","Begonia sp. - Begonia sp.","Begonia sp.","Airport - Aircraft - Cargo - PIS","Philippines","PIS","CA","Final ID","Diaspididae","Phytosanitary Action",1172703,550311,NA,NA,NA,NA,NA,0,NA,NA,2,NA,5664,"Animalia","Arthropoda","Insecta","Hemiptera","Diaspididae",NA,NA,"Diaspididae","Earned - Final",5887,17412,"2023-02-16 05:00:00.0000000","Quarantine","Quarantine","Quarantine",NA,NA
"139","2023-12-07","Begonia sp. - Begonia sp.","Begonia sp.","Airport - Aircraft - Cargo - PIS","Netherlands","PIS","FL","Final ID","Aphididae","Phytosanitary Action",1365471,639773,NA,NA,NA,NA,NA,NA,NA,NA,3,NA,5321,"Animalia","Arthropoda","Insecta","Hemiptera","Aphididae",NA,NA,"Aphididae","Earned - Final",5887,17411,"2023-12-07 05:00:00.0000000","Quarantine","Quarantine","Quarantine",NA,NA
"140","2024-04-04","Begonia baik  (Begoniaceae)","Begonia baik  (Begoniaceae)","Airport - Aircraft - Express Carrier - PIS","Indonesia","PIS","CA","Final ID","Oribatida","No Phytosanitary Action",1469088,698043,NA,NA,NA,NA,NA,1,NA,NA,NA,NA,39174,"Animalia","Arthropoda","Arachnida","Sarcoptiformes",NA,NA,NA,"Oribatida","Earned - Final",5887,17411,"2024-04-04 07:00:00.0000000","Non-Quarantine","Non-Quarantine","Non-Quarantine",NA,NA
"141","2024-04-04","Begonia baik  (Begoniaceae)","Begonia baik  (Begoniaceae)","Airport - Aircraft - Express Carrier - PIS","Indonesia","PIS","CA","Final ID","Oribatida","No Phytosanitary Action",1469087,698045,NA,NA,NA,NA,NA,1,NA,NA,NA,NA,39174,"Animalia","Arthropoda","Arachnida","Sarcoptiformes",NA,NA,NA,"Oribatida","Earned - Final",5887,17411,"2024-04-04 07:00:00.0000000","Non-Quarantine","Non-Quarantine","Non-Quarantine",NA,NA
"142","2024-04-04","Begonia baik  (Begoniaceae)","Begonia baik  (Begoniaceae)","Airport - Aircraft - Express Carrier - PIS","Indonesia","PIS","CA","Final ID","Oribatida","No Phytosanitary Action",1469088,698043,NA,NA,NA,NA,NA,1,NA,NA,NA,NA,39174,"Animalia","Arthropoda","Arachnida","Sarcoptiformes",NA,NA,NA,"Oribatida","Earned - Final",5887,17411,"2024-04-04 07:00:00.0000000","Non-Quarantine","Non-Quarantine","Non-Quarantine",NA,NA
"143","2024-04-04","Begonia baik  (Begoniaceae)","Begonia baik  (Begoniaceae)","Airport - Aircraft - Express Carrier - PIS","Indonesia","PIS","CA","Final ID","Oribatida","No Phytosanitary Action",1469087,698045,NA,NA,NA,NA,NA,1,NA,NA,NA,NA,39174,"Animalia","Arthropoda","Arachnida","Sarcoptiformes",NA,NA,NA,"Oribatida","Earned - Final",5887,17411,"2024-04-04 07:00:00.0000000","Non-Quarantine","Non-Quarantine","Non-Quarantine",NA,NA
"144","2025-02-26","Begonia sp. - Begonia sp.","Begonia sp.","Airport - Aircraft - Cargo - PIS","Dominican Republic","PIS","FL","Final ID","Succinea sp. (Succineidae)","No Phytosanitary Action",1696613,801527,NA,NA,NA,NA,NA,1,NA,NA,NA,NA,9130,"Animalia","Mollusca","Gastropoda","Stylommatophora","Succineidae","Succinea",NA,"Succinea","Earned - Final",5887,17411,"2025-02-26 05:00:00.0000000","Quarantine","Quarantine","Quarantine",NA,NA
"145","2021-12-28","Begonia sp. - Begonia sp.","Begonia sp.","Airport - Aircraft - Cargo - PIS","El Salvador","PIS","NY","Final ID","Acaridae","No Phytosanitary Action",898382,421627,NA,NA,NA,NA,NA,3,NA,NA,NA,NA,111,"Animalia","Arthropoda","Arachnida","Sarcoptiformes","Acaridae",NA,NA,"Acaridae","Conferred - Final",5887,17411,"2021-12-29 05:00:00.0000000","Non-Quarantine","Non-Quarantine","Non-Quarantine",NA,NA
"146","2024-10-07","Begonia rex - Begonia rex","Begonia rex","Airport - Aircraft - Cargo - PIS","Netherlands","PIS","FL","Final ID","Insecta","No Phytosanitary Action",1603272,759195,NA,NA,NA,NA,NA,NA,NA,1,NA,NA,364,"Animalia","Arthropoda","Insecta",NA,NA,NA,NA,"Insecta","Conferred - Final",5887,17411,"2024-10-08 04:00:00.0000000","Quarantine","Quarantine","Quarantine",NA,NA
"147","2024-10-07","Begonia rex - Begonia rex","Begonia rex","Airport - Aircraft - Cargo - PIS","Netherlands","PIS","FL","Final ID","Pseudococcidae","Phytosanitary Action",1603247,759197,NA,NA,NA,NA,NA,NA,NA,NA,1,NA,6039,"Animalia","Arthropoda","Insecta","Hemiptera","Pseudococcidae",NA,NA,"Pseudococcidae","Earned - Final",5887,17411,"2024-10-08 04:00:00.0000000","Quarantine","Quarantine","Quarantine",NA,NA
"148","2024-10-07","Begonia rex - Begonia rex","Begonia rex","Airport - Aircraft - Cargo - PIS","Netherlands","PIS","FL","Final ID","Lepidoptera","Phytosanitary Action",1603585,759198,NA,NA,NA,NA,NA,NA,NA,1,NA,NA,6776,"Animalia","Arthropoda","Insecta","Lepidoptera",NA,NA,NA,"Lepidoptera","Earned - Final",5887,17412,"2024-10-08 04:00:00.0000000","Quarantine","Quarantine","Quarantine",NA,NA
"149","2017-01-20","Begonia sp. - Begonia","Begonia sp.","Airport - Aircraft - Cargo - CBP","Peru","CBP","FL","Final ID","Pseudococcidae","Phytosanitary Action",659813,306200,0,0,0,0,0,0,0,0,1,0,6039,"Animalia","Arthropoda","Insecta","Hemiptera","Pseudococcidae",NA,NA,"Pseudococcidae","Earned - Final",5887,17411,"2017-01-21 00:00:00.0000000","Quarantine","Quarantine","Quarantine",NA,NA
"150","2024-07-18","Begonia amphioxus  (Begoniaceae)","Begonia amphioxus  (Begoniaceae)","Airport - Aircraft - Cargo - PIS","India","PIS","CA","Final ID","Mesostigmata","No Phytosanitary Action",1548163,734249,NA,NA,NA,NA,NA,1,NA,NA,NA,NA,42,"Animalia","Arthropoda","Arachnida","Mesostigmata",NA,NA,NA,"Mesostigmata","Earned - Final",5887,17411,"2024-07-19 07:00:00.0000000","Non-Quarantine","Non-Quarantine","Non-Quarantine",NA,NA
"151","2025-07-14","Begonia sp. - Begonia sp.","Begonia sp.","Airport - Aircraft - Cargo - PIS","Philippines","PIS","TX","Final ID","Bacteria","Phytosanitary Action",1804544,849723,NA,NA,NA,NA,NA,NA,NA,NA,NA,NA,9690,"Bacteria",NA,NA,NA,NA,NA,NA,"Bacteria","Earned - Final",5887,17412,"2025-07-15 04:00:00.0000000","Quarantine","Quarantine","Quarantine",NA,NA
"152","2025-07-14","Begonia sp. - Begonia sp.","Begonia sp.","Airport - Aircraft - Cargo - PIS","Philippines","PIS","TX","Final ID","Bacteria","Phytosanitary Action",1804545,849695,NA,NA,NA,NA,NA,NA,NA,NA,NA,NA,9690,"Bacteria",NA,NA,NA,NA,NA,NA,"Bacteria","Earned - Final",5887,17412,"2025-07-15 04:00:00.0000000","Quarantine","Quarantine","Quarantine",NA,NA
"153","2025-07-14","Begonia sp. - Begonia sp.","Begonia sp.","Airport - Aircraft - Cargo - PIS","Philippines","PIS","TX","Final ID","Curvularia lunata (Wakker) Boedijn (Pleosporaceae)","No Phytosanitary Action",1804798,849925,NA,NA,NA,NA,NA,NA,NA,NA,NA,NA,10341,"Fungi",NA,"Dothideomycetes","Pleosporales","Pleosporaceae","Curvularia","lunata","lunata","Earned - Final",5887,17411,"2025-07-16 05:00:00.0000000","Uncategorized","Uncategorized","Non-Quarantine",NA,NA
"154","2025-07-14","Begonia sp. - Begonia sp.","Begonia sp.","Airport - Aircraft - Cargo - PIS","Philippines","PIS","TX","Final ID","Tetranychus (Tetranychus) sp. (Tetranychidae)","Phytosanitary Action",1804234,849672,NA,NA,NA,NA,NA,1,NA,NA,NA,NA,311,"Animalia","Arthropoda","Arachnida","Trombidiformes","Tetranychidae","Tetranychus",NA,"Tetranychus","Earned - Final",5887,17411,"2025-07-15 05:00:00.0000000","Quarantine","Quarantine","Quarantine",NA,NA
"155","2025-07-14","Begonia sp. - Begonia sp.","Begonia sp.","Airport - Aircraft - Cargo - PIS","Philippines","PIS","TX","Final ID","Colletotrichum sp. (Glomerellaceae)","Phytosanitary Action",1804823,849725,NA,NA,NA,NA,NA,NA,NA,NA,NA,NA,10815,"Fungi",NA,"Sordariomycetes","Glomerellales","Glomerellaceae","Colletotrichum",NA,"Colletotrichum","Earned - Final",5887,17412,"2025-07-16 04:00:00.0000000","Quarantine","Quarantine","Quarantine",NA,NA
"156","2024-08-21","Begonia sp. - Begonia sp.","Begonia sp.","Airport - Aircraft - Express Carrier - PIS","Indonesia","PIS","NY","Final ID","Acentropinae","Phytosanitary Action",1571876,744676,NA,NA,NA,NA,NA,1,NA,NA,NA,NA,7400,"Animalia","Arthropoda","Insecta","Lepidoptera","Crambidae",NA,NA,"Acentropinae","Earned - Final",5887,17412,"2024-08-22 04:00:00.0000000","Quarantine","Quarantine","Quarantine",NA,NA
"157","2024-08-21","Begonia sp. - Begonia sp.","Begonia sp.","Airport - Aircraft - Express Carrier - PIS","Indonesia","PIS","NY","Final ID","Assimineidae","No Phytosanitary Action",1571750,744673,NA,NA,NA,NA,NA,1,NA,NA,NA,NA,8550,"Animalia","Mollusca","Gastropoda","Littorinimorpha","Assimineidae",NA,NA,"Assimineidae","Earned - Final",5887,17412,"2024-08-22 04:00:00.0000000","Non-Quarantine","Non-Quarantine","Non-Quarantine",NA,NA
"158","2024-10-11","Begonia sp. - Begonia sp.","Begonia sp.","Airport - Aircraft - Express Carrier - PIS","Indonesia","PIS","WA","Final ID","Colletotrichum sp. (Glomerellaceae)","Phytosanitary Action",1608113,761565,NA,NA,NA,NA,NA,NA,NA,NA,NA,NA,10815,"Fungi",NA,"Sordariomycetes","Glomerellales","Glomerellaceae","Colletotrichum",NA,"Colletotrichum","Earned - Final",5887,17411,"2024-10-15 07:00:00.0000000","Quarantine","Quarantine","Quarantine",NA,NA
"159","2018-12-24","Begonia rex - Begonia rex","Begonia rex","Airport - Aircraft - Cargo - PIS","Netherlands","PIS","NJ","Final ID","Pseudococcidae","Phytosanitary Action",367520,175372,NA,NA,NA,NA,NA,NA,NA,NA,1,NA,6039,"Animalia","Arthropoda","Insecta","Hemiptera","Pseudococcidae",NA,NA,"Pseudococcidae","Earned - Final",5887,17411,"2018-12-26 08:31:46.0000000","Quarantine","Quarantine","Quarantine",NA,NA
"160","2018-12-24","Begonia rex - Begonia rex","Begonia rex","Airport - Aircraft - Cargo - PIS","Netherlands","PIS","NJ","Final ID","Diaphania nitidalis (Cramer) (Crambidae)","No Phytosanitary Action",367534,175379,NA,NA,NA,NA,NA,NA,NA,NA,2,NA,7466,"Animalia","Arthropoda","Insecta","Lepidoptera","Crambidae","Diaphania","nitidalis","nitidalis","Earned - Final",5887,17411,"2018-12-26 08:29:55.0000000","Non-Quarantine","Non-Quarantine","Non-Quarantine",NA,NA
"161","2025-01-17","Begonia darthvaderiana  (Begoniaceae)","Begonia darthvaderiana  (Begoniaceae)","Airport - Aircraft - Cargo - PIS","India","PIS","CA","Final ID","Histiostomatidae","No Phytosanitary Action",1668695,789167,NA,NA,NA,NA,NA,1,NA,NA,NA,NA,146,"Animalia","Arthropoda","Arachnida","Sarcoptiformes","Histiostomatidae",NA,NA,"Histiostomatidae","Earned - Final",5887,17411,"2025-01-17 08:00:00.0000000","Non-Quarantine","Non-Quarantine","Non-Quarantine",NA,NA
"162","2023-11-15","Begonia rex - Begonia rex","Begonia rex","Airport - Aircraft - Cargo - PIS","Netherlands","PIS","GA","Final ID","Cleridae","No Phytosanitary Action",1354000,634129,NA,NA,NA,NA,NA,NA,NA,NA,2,NA,2743,"Animalia","Arthropoda","Insecta","Coleoptera","Cleridae",NA,NA,"Cleridae","Conferred - Final",5887,17411,"2023-11-17 05:00:00.0000000","Non-Quarantine","Non-Quarantine","Non-Quarantine",NA,NA
"163","2023-11-15","Begonia rex - Begonia rex","Begonia rex","Airport - Aircraft - Cargo - PIS","Netherlands","PIS","GA","Final ID","Duponchelia fovealis Zeller (Crambidae)","No Phytosanitary Action",1354019,633090,NA,NA,NA,NA,NA,NA,NA,NA,1,NA,7470,"Animalia","Arthropoda","Insecta","Lepidoptera","Crambidae","Duponchelia","fovealis","fovealis","Earned - Final",5887,17412,"2023-11-17 05:00:00.0000000","Quarantine","Quarantine","Non-Quarantine",NA,NA
"164","2023-03-22","Begonia sp. - Begonia sp.","Begonia sp.","Airport - Aircraft - Cargo - PIS","Canada","PIS","HI","Final ID","Chlorophyta","No Phytosanitary Action",1195106,560908,NA,NA,NA,NA,NA,NA,NA,NA,NA,NA,11350,"Plantae",NA,NA,NA,NA,NA,NA,"Chlorophyta","Conferred - Final",5887,17411,"2023-03-22 10:00:00.0000000","Uncategorized","Uncategorized","Uncategorized",NA,NA
"165","2023-03-22","Begonia sp. - Begonia sp.","Begonia sp.","Airport - Aircraft - Cargo - PIS","Canada","PIS","HI","Final ID","Scenopinidae","No Phytosanitary Action",1195110,560910,NA,NA,NA,NA,NA,NA,NA,NA,4,NA,3182,"Animalia","Arthropoda","Insecta","Diptera","Scenopinidae",NA,NA,"Scenopinidae","Conferred - Final",5887,17411,"2023-03-22 10:00:00.0000000","Non-Quarantine","Non-Quarantine","Non-Quarantine",NA,NA
"166","2018-02-18","Begonia sp. - Begonia sp.","Begonia sp.","Airport - Aircraft - Cargo - PIS","Germany","PIS","GA","Final ID","Muscidae","No Phytosanitary Action",500758,234896,NA,NA,NA,NA,NA,1,NA,NA,NA,NA,3141,"Animalia","Arthropoda","Insecta","Diptera","Muscidae",NA,NA,"Muscidae","Earned - Final",5887,17412,"2018-02-20 12:58:53.0000000","Quarantine","Quarantine","Quarantine",NA,NA
"167","2018-02-18","Begonia sp. - Begonia sp.","Begonia sp.","Airport - Aircraft - Cargo - PIS","Germany","PIS","GA","Final ID","Diapriidae","No Phytosanitary Action",500777,234905,NA,NA,NA,NA,NA,NA,NA,NA,1,NA,6716,"Animalia","Arthropoda","Insecta","Hymenoptera","Diapriidae",NA,NA,"Diapriidae","Earned - Final",5887,17412,"2018-02-20 15:08:18.0000000","Non-Quarantine","Non-Quarantine","Non-Quarantine",NA,NA
"168","2019-05-20","Begonia sp. - Begonia sp.","Begonia sp.","Airport - Aircraft - Mail - PIS Mail","Japan","PIS","HI","Final ID","Aphelenchoides bicaudatus (Imamura) Filipjev & Schuumans Stekhoven (Aphelenchoididae)","No Phytosanitary Action",307054,147985,NA,NA,NA,NA,NA,3,NA,NA,10,NA,39868,"Animalia","Nematoda","Chromadorea","Rhabditida","Aphelenchoididae","Aphelenchoides","bicaudatus","bicaudatus","Earned - Final",5887,17412,"2019-05-24 17:12:07.0000000","Uncategorized","Uncategorized","Non-Quarantine",NA,NA
"169","2018-12-10","Begonia sp. - Begonia sp.","Begonia sp.","Airport - Aircraft - Cargo - PIS","Thailand","PIS","FL","Final ID","Colletotrichum sp. (Glomerellaceae)","Phytosanitary Action",374942,178679,NA,NA,NA,NA,NA,NA,NA,NA,NA,NA,10815,"Fungi",NA,"Sordariomycetes","Glomerellales","Glomerellaceae","Colletotrichum",NA,"Colletotrichum","Earned - Final",5887,17412,"2018-12-13 14:16:14.0000000","Quarantine","Quarantine","Quarantine",NA,NA
"170","2019-07-30","Begonia sp. - Begonia sp.","Begonia sp.","Airport - Aircraft - Cargo - PIS","Thailand","PIS","FL","Final ID","Cylindrocladiella sp. (Nectriaceae)","Phytosanitary Action",279531,135562,NA,NA,NA,NA,NA,NA,NA,NA,NA,NA,52781,"Fungi",NA,"Sordariomycetes","Hypocreales","Nectriaceae","Cylindrocladiella",NA,"Cylindrocladiella","Earned - Final",5887,17412,"2019-08-01 14:56:01.0000000","Uncategorized","Uncategorized","Uncategorized",NA,NA
"171","2024-04-04","Begonia sp. - Begonia sp.","Begonia sp.","Airport - Aircraft - Express Carrier - PIS","Indonesia","PIS","CA","Final ID","Oribatida","No Phytosanitary Action",1469088,698043,NA,NA,NA,NA,NA,1,NA,NA,NA,NA,39174,"Animalia","Arthropoda","Arachnida","Sarcoptiformes",NA,NA,NA,"Oribatida","Earned - Final",5887,17411,"2024-04-04 07:00:00.0000000","Non-Quarantine","Non-Quarantine","Non-Quarantine",NA,NA
"172","2024-04-04","Begonia sp. - Begonia sp.","Begonia sp.","Airport - Aircraft - Express Carrier - PIS","Indonesia","PIS","CA","Final ID","Oribatida","No Phytosanitary Action",1469087,698045,NA,NA,NA,NA,NA,1,NA,NA,NA,NA,39174,"Animalia","Arthropoda","Arachnida","Sarcoptiformes",NA,NA,NA,"Oribatida","Earned - Final",5887,17411,"2024-04-04 07:00:00.0000000","Non-Quarantine","Non-Quarantine","Non-Quarantine",NA,NA
"173","2022-01-31","Begonia sp. - Begonia sp.","Begonia sp.","Airport - Aircraft - Cargo - PIS","El Salvador","PIS","GA","Final ID","Cryptophilus sp. (Erotylidae)","No Phytosanitary Action",919881,432300,NA,NA,NA,NA,NA,1,NA,NA,NA,NA,2857,"Animalia","Arthropoda","Insecta","Coleoptera","Erotylidae","Cryptophilus",NA,"Cryptophilus","Conferred - Final",5887,17411,"2022-02-03 05:00:00.0000000","Non-Quarantine","Non-Quarantine","Non-Quarantine",NA,NA
"174","2025-02-12","Begonia sp. - Begonia sp.","Begonia sp.","Airport - Aircraft - Cargo - PIS","Germany","PIS","GA","Final ID","Aclista sp. (Diapriidae)","No Phytosanitary Action",1687014,797111,NA,NA,NA,NA,NA,1,NA,NA,NA,NA,89213,"Animalia","Arthropoda","Insecta","Hymenoptera","Diapriidae","Aclista",NA,"Aclista","Earned - Final",5887,17412,"2025-02-12 05:00:00.0000000","Uncategorized","Uncategorized","Uncategorized",NA,NA
"175","2025-08-27","Begonia elatior (Begoniaceae) - Begonia elatior","Begonia elatior (Begoniaceae)","Airport - Aircraft - Cargo - PIS","Uganda","PIS","GA","Final ID","Lagria villosa Fabricius  (Tenebrionidae)","Phytosanitary Action",1836076,863879,NA,NA,NA,NA,NA,4,NA,NA,NA,NA,2355,"Animalia","Arthropoda","Insecta","Coleoptera","Tenebrionidae","Lagria","villosa","villosa","Earned - Final",5887,17412,"2025-08-27 07:00:00.0000000","Uncategorized","Uncategorized","Quarantine",NA,NA
"176","2025-02-12","Begonia sp. - Begonia sp.","Begonia sp.","Airport - Aircraft - Cargo - PIS","Germany","PIS","GA","Final ID","Entomobryidae","No Phytosanitary Action",1686994,797109,NA,NA,NA,NA,NA,5,NA,NA,NA,NA,348,"Animalia","Arthropoda","Collembola","Entomobryomorpha","Entomobryidae",NA,NA,"Entomobryidae","Conferred - Final",5887,17411,"2025-02-12 05:00:00.0000000","Non-Quarantine","Non-Quarantine","Non-Quarantine",NA,NA
"177","2023-12-10","Begonia sp. - Begonia sp.","Begonia sp.","Airport - Aircraft - Cargo - PIS","Uganda","PIS","GA","Final ID","Collembola","No Phytosanitary Action",1367222,640695,NA,NA,NA,NA,NA,3,NA,NA,NA,NA,341,"Animalia","Arthropoda","Collembola",NA,NA,NA,NA,"Collembola","Earned - Final",5887,17411,"2023-12-10 05:00:00.0000000","Non-Quarantine","Non-Quarantine","Non-Quarantine",NA,NA
"178","2021-02-22","Begonia hybrid (Begoniaceae)","Begonia hybrid (Begoniaceae)","Airport - Aircraft - Cargo - PIS","Uganda","PIS","GA","Final ID","Chironomidae","No Phytosanitary Action",683845,317124,NA,NA,NA,NA,NA,1,NA,NA,NA,NA,3102,"Animalia","Arthropoda","Insecta","Diptera","Chironomidae",NA,NA,"Chironomidae","Conferred - Final",5887,17411,"2021-02-22 05:00:00.0000000","Non-Quarantine","Non-Quarantine","Non-Quarantine",NA,NA
"179","2024-09-16","Begonia maculata - Begonia maculata","Begonia maculata","Airport - Aircraft - Cargo - PIS","Netherlands","PIS","FL","Final ID","Aphididae","Phytosanitary Action",1588991,752967,NA,NA,NA,NA,NA,NA,NA,NA,1,NA,5321,"Animalia","Arthropoda","Insecta","Hemiptera","Aphididae",NA,NA,"Aphididae","Earned - Final",5887,17411,"2024-09-16 04:00:00.0000000","Quarantine","Quarantine","Quarantine",NA,NA
